file,rows,det,empty,conf_mean,conf_p50,conf_p90,conf_max,path,detections,empty_rows,mean_conf,median_conf,q90_conf,max_conf
submissions/probe_poison_scale075_drop020.csv,2000,2259,699,0.4398361389995573,0.43802,0.632143,0.738151,,,,,,,
submissions/probe_poison_scale085_drop020.csv,2000,2387,667,0.4831711348973607,0.480073,0.7111276000000001,0.836571,,,,,,,
submissions/probe_poison_scale090_drop020.csv,2000,2450,659,0.5037302620408163,0.500974,0.750829,0.885781,,,,,,,
submissions/probe_poison_scale095_drop025.csv,2000,2270,695,0.5556444154185023,0.5533589999999999,0.8003132000000001,0.934991,,,,,,,
submissions/probe_poison_scale095_top1.csv,2000,1353,647,0.609600546932742,0.631099,0.8347198,0.934991,,,,,,,
submissions/probe_poison_scale100_drop030.csv,2000,2152,725,0.6015896412639404,0.5963625,0.8464962,0.984201,,,,,,,
submissions/sub03_candidate_zaoui_public_prune015_ewc50.csv,2000,1276,1053,0.34145531034482757,0.31121,0.508035,0.876111,,,,,,,
submissions/sub04_candidate_zaoui_prune0125_real_ewc50.csv,2000,1342,1018,0.35087681371087925,0.318526,0.5307329,0.891654,,,,,,,
submissions/sub05_candidate_zaoui_prune010_real_ewc50.csv,2000,1533,927,0.3647234520547945,0.334988,0.558812,0.893878,,,,,,,
submissions/sub05_zaoui_public_prune015_ewc50.csv,2000,1276,1053,0.34145531034482757,0.31121,0.508035,0.876111,,,,,,,
submissions/sub06_candidate_zaoui_prune0175_real_ewc50.csv,2000,872,1294,0.28842700688073397,0.26580099999999995,0.40039359999999996,0.690999,,,,,,,
submissions/sub06_zaoui_public_scale095_drop020.csv,2000,1205,1090,0.3320188639004149,0.304145,0.4898738,0.832305,,,,,,,
submissions/sub07_candidate_minhazul_anp.csv,2000,2032,756,0.10193197539370077,0.0885175,0.16109360000000003,0.401476,,,,,,,
submissions/sub07_zaoui_prune0125_real_ewc50.csv,2000,1342,1018,0.35087681371087925,0.318526,0.5307329,0.891654,,,,,,,
submissions/sub07_zaoui_public_scale090_drop020.csv,2000,1123,1140,0.3233519839715049,0.296353,0.46977080000000004,0.7885,,,,,,,
submissions/sub08_candidate_zaoui_public_scale095_drop020.csv,2000,1205,1090,0.3320188639004149,0.304145,0.4898738,0.832305,,,,,,,
submissions/sub08_zaoui_prune010_real_ewc50.csv,2000,1533,927,0.3647234520547945,0.334988,0.558812,0.893878,,,,,,,
submissions/sub08_zaoui_prune0125_real_ewc50.csv,2000,1342,1018,0.35087681371087925,0.318526,0.5307329,0.891654,,,,,,,
submissions/sub09_candidate_zaoui_public_scale090_drop020.csv,2000,1123,1140,0.3233519839715049,0.296353,0.46977080000000004,0.7885,,,,,,,
submissions/sub09_zaoui_public_drop025.csv,2000,960,1239,0.38030960937499997,0.3512395,0.5417823,0.876111,,,,,,,
submissions/sub09_zaoui_public_scale102_keep020.csv,2000,1276,1053,0.34828443103448276,0.31743449999999995,0.5181955,0.893633,,,,,,,
submissions/sub10_candidate_zaoui_public_scale100_drop025.csv,2000,960,1239,0.38030960937499997,0.3512395,0.5417823,0.876111,,,,,,,
submissions/sub10_zaoui_prune010_real_ewc50.csv,2000,1533,927,0.3647234520547945,0.334988,0.558812,0.893878,,,,,,,
submissions/sub10_zaoui_prune0175_real_ewc50.csv,2000,872,1294,0.28842700688073397,0.26580099999999995,0.40039359999999996,0.690999,,,,,,,
submissions/sub10_zaoui_public_scale105_keep020.csv,2000,1276,1053,0.3585280862068966,0.32677100000000003,0.5334365,0.919917,,,,,,,
submissions/sub11_candidate_zaoui_public_scale095_drop025.csv,2000,883,1288,0.3715574994337486,0.340751,0.5239448,0.832305,,,,,,,
submissions/sub11_zaoui_prune0175_real_ewc50.csv,2000,872,1294,0.28842700688073397,0.26580099999999995,0.40039359999999996,0.690999,,,,,,,
submissions/sub11_zaoui_public_scale103_drop020.csv,2000,1276,1053,0.3516989757053291,0.32054649999999996,0.523276,0.902394,,,,,,,
submissions/sub12_zaoui_public_scale107_keep020.csv,2000,1276,1053,0.36535719514106585,0.33299449999999997,0.5435975,0.937439,,,,,,,
submissions/sub13_zaoui_public_scale110_keep020.csv,2000,1276,1053,0.37560087460815045,0.34233100000000005,0.5588385,0.963722,,,,,,,
submissions/sub14_zaoui_public_scale108_keep020.csv,2000,1276,1053,0.3687717241379311,0.3361065,0.5486774999999999,0.9462,,,,,,,
submissions/sub14_zaoui_public_scale112_keep020.csv,2000,1276,1053,0.38242995141065833,0.3485555,0.568999,0.981244,,,,,,,
submissions/sub15_zaoui_public_scale109_keep020.csv,2000,1276,1053,0.3721862907523511,0.33921900000000005,0.553758,0.954961,,,,,,,
submissions/sub15_zaoui_public_scale114_keep020.csv,2000,1276,1053,0.3892590415360502,0.3547795,0.57916,0.998767,,,,,,,
submissions/sub16_zaoui_public_scale110_keep020.csv,2000,1276,1053,0.37560087460815045,0.34233100000000005,0.5588385,0.963722,,,,,,,
submissions/sub17_zaoui_public_scale111_keep020.csv,2000,1276,1053,0.3790154067398119,0.345443,0.5639185,0.972483,,,,,,,
submissions/sub17_zaoui_public_scale112_keep020.csv,2000,1276,1053,0.38242995141065833,0.3485555,0.568999,0.981244,,,,,,,
submissions/sub18_zaoui_public_scale112_keep020.csv,2000,1276,1053,0.38242995141065833,0.3485555,0.568999,0.981244,,,,,,,
submissions/sub18_zaoui_public_scale114_keep020.csv,2000,1276,1053,0.3892590415360502,0.3547795,0.57916,0.998767,,,,,,,
submissions/sub19_zaoui_public_scale11225_keep020.csv,2000,1276,1053,0.3832836010971787,0.349333,0.5702689999999999,0.983435,,,,,,,
submissions/sub19_zaoui_public_scale113_keep020.csv,2000,1276,1053,0.3858444788401254,0.3516675,0.5740795,0.990005,,,,,,,
submissions/sub20_zaoui_public_scale1125_keep020.csv,2000,1276,1053,0.3841372249216301,0.3501115,0.5715395,0.985625,,,,,,,
submissions/sub20_zaoui_public_scale114_keep020.csv,2000,1276,1053,0.3892590415360502,0.3547795,0.57916,0.998767,,,,,,,
submissions/sub21_zaoui_public_scale1125_keep020.csv,2000,1276,1053,0.3841372249216301,0.3501115,0.5715395,0.985625,,,,,,,
submissions/sub21_zaoui_public_scale113_drop025.csv,2000,1130,1136,0.4050229044247788,0.371132,0.5894975,0.990005,,,,,,,
submissions/sub21_zaoui_public_scale115_clip100_keep020.csv,2000,1276,1053,0.39266767398119123,0.357892,0.58424,1.0,,,,,,,
submissions/sub22_zaoui_public_scale1135_keep020.csv,2000,1276,1053,0.3875517946708464,0.3532235,0.5766199999999999,0.994386,,,,,,,
submissions/sub22_zaoui_public_scale113_keep020.csv,2000,1276,1053,0.3858444788401254,0.3516675,0.5740795,0.990005,,,,,,,
submissions/sub22_zaoui_public_scale116_clip100_keep020.csv,2000,1276,1053,0.3960753902821317,0.36100350000000003,0.5893204999999999,1.0,,,,,,,
submissions/sub23_zaoui_public_scale1135_keep020.csv,2000,1276,1053,0.3875517946708464,0.3532235,0.5766199999999999,0.994386,,,,,,,
submissions/sub24_zaoui_public_scale113_drop030.csv,2000,871,1299,0.44393165442020666,0.406304,0.624733,0.990005,,,,,,,
submissions/sub25_zaoui_public_scale114_keep020.csv,2000,1276,1053,0.3892590415360502,0.3547795,0.57916,0.998767,,,,,,,
submissions/sub26_zaoui_public_scale1145_clip100_keep020.csv,2000,1276,1053,0.3909638330721003,0.3563355,0.5817005,1.0,,,,,,,
submissions/sub27_zaoui_public_scale115_clip100_keep020.csv,2000,1276,1053,0.3926677061128527,0.35789150000000003,0.5842404999999999,1.0,,,,,,,
submissions/sub28_zaoui_public_scale1155_clip100_keep020.csv,2000,1276,1053,0.39437154780564265,0.35944750000000003,0.586781,1.0,,,,,,,
submissions/sub29_zaoui_public_scale116_clip100_keep020.csv,2000,1276,1053,0.3960753855799373,0.361004,0.5893204999999999,1.0,,,,,,,
submissions/sub25_zaoui_public_scale1141_keep020.csv,2000,1276,1053,0.38960049294670845,0.355091,0.5796680000000001,0.999643,,,,,,,
submissions/sub26_zaoui_public_scale114125_keep020.csv,2000,1276,1053,0.38968585893416924,0.3551685,0.5797950000000001,0.999862,,,,,,,
submissions/sub27_zaoui_public_scale11425_clip100_keep020.csv,2000,1276,1053,0.3901119294670847,0.35555749999999997,0.58043,1.0,,,,,,,
submissions/sub28_zaoui_public_scale1145_clip100_keep020.csv,2000,1276,1053,0.3909638330721003,0.3563355,0.5817005,1.0,,,,,,,
submissions/sub52_kalyan_yusaku_balanced_v4_pow050_thr012.csv,2000,631,1453,0.4226391061806657,0.398671,0.533053,0.732798,,,,,,,
submissions/sub53_kalyan_yusaku_balanced_v4_pow050_thr015.csv,2000,350,1675,0.4690786914285714,0.4454875,0.5855119000000001,0.732798,,,,,,,
submissions/sub84_jayhawk_prune_ewc_public24342.csv,2000,1417,977,0.34799627946365563,0.318491,0.5247706000000001,0.879052,,,,,,,
submissions/sub85_jayhawk_prune_ewc_unlearn20_scale030.csv,2000,1417,977,0.3457177741707833,0.31648,0.5223484000000004,0.879052,,,,,,,
submissions/sub86_zaoui_sub83_next1_img73_conf053375.csv,2000,1264,1061,0.3985506930379747,0.36424900000000004,0.5927729000000003,1.0,,,,,,,
submissions/sub87_zaoui_sub83_next1_img804_conf053375.csv,2000,1264,1061,0.39855065901898734,0.36424900000000004,0.5927729000000003,1.0,,,,,,,
submissions/sub88_zaoui_sub83_pair_img73_804_conf053375.csv,2000,1264,1061,0.39878780458860763,0.36438550000000003,0.5927729000000003,1.0,,,,,,,
submissions/sub89_zaoui_sub83_next1_img1066_conf053375.csv,2000,1264,1061,0.39855063528481016,0.36424900000000004,0.5927729000000003,1.0,,,,,,,
submissions/sub90_nomannic_cv_debris_direct_2453014.csv,2000,1028,1191,0.3660861527237354,0.329609,0.5589785,0.85036,,,,,,,
submissions/sub91_nomannic_cv_debris_direct_conf023.csv,2000,957,1240,0.37655643364681296,0.341974,0.5708496,0.85036,,,,,,,
submissions/sub92_nomannic_cv_debris_direct_conf0235.csv,2000,924,1264,0.381696762987013,0.34674649999999996,0.5735543000000001,0.85036,,,,,,,
submissions/sub93_nomannic_cv_debris_direct_conf0240.csv,2000,891,1282,0.38703919865319864,0.351502,0.579031,0.85036,,,,,,,
,2000,,,,,,,submissions/sub94_nomannic_cv_debris_direct_conf0225.csv,991,1216,0.37144858425832494,0.336351,0.5638758,0.85036
submissions/sub95_nomannic_cv_debris_direct_conf0226.csv,2000,985,1218,0.37233807411167513,0.338191,0.5665444,0.85036,,,,,,,
submissions/sub96_nomannic_cv_debris_direct_conf0224.csv,2000,997,1212,0.37056507622868606,0.335101,0.5623272,0.85036,,,,,,,
submissions/sub97_nomannic_cv_debris_direct_conf02265.csv,2000,981,1222,0.37293389704383284,0.338468,0.5686968,0.85036,,,,,,,
submissions/sub98_nomannic_cv_debris_direct_conf02255.csv,2000,987,1217,0.37204084093211753,0.338151,0.5654682,0.85036,,,,,,,
submissions/sub107_nomannic_sub106_img1409_conf070.csv,2000,977,1225,0.3740151637666326,0.33948,0.5700886,0.85036,,,,,,,
submissions/sub108_nomannic_sub106_img1409_conf0850360.csv,2000,977,1225,0.37416906345957013,0.33948,0.5700886,0.85036,,,,,,,
submissions/sub109_nomannic_sub106_img1409_conf060.csv,2000,977,1225,0.37391280962128964,0.33948,0.5700886,0.85036,,,,,,,
submissions/sub110_nomannic_sub106_img1409_conf0475.csv,2000,977,1225,0.37378486693961105,0.33948,0.5665443999999998,0.85036,,,,,,,
submissions/sub111_nomannic_sub106_img1409_conf04625.csv,2000,977,1225,0.37377207267144325,0.33948,0.5665443999999998,0.85036,,,,,,,
submissions/sub112_nomannic_sub106_img1409_conf045.csv,2000,977,1225,0.37375927840327533,0.33948,0.5665443999999998,0.85036,,,,,,,
submissions/sub113_nomannic_sub106_img1409_conf04375.csv,2000,977,1225,0.37374648413510747,0.33948,0.5665443999999998,0.85036,,,,,,,
submissions/sub114_nomannic_sub106_img1409_conf0425.csv,2000,977,1225,0.37373368986693967,0.33948,0.5665443999999998,0.85036,,,,,,,
submissions/sub115_nomannic_sub106_img1409_conf043625.csv,2000,977,1225,0.37374520470829076,0.33948,0.5665443999999998,0.85036,,,,,,,
submissions/sub116_nomannic_sub106_img1409_conf043575.csv,2000,977,1225,0.373744692937564,0.33948,0.5665443999999998,0.85036,,,,,,,
submissions/sub117_nomannic_sub106_img1409_conf0435625.csv,2000,977,1225,0.37374456499488234,0.33948,0.5665443999999998,0.85036,,,,,,,
submissions/sub118_nomannic_sub106_img1409_conf04348.csv,2000,977,1225,0.3737437205731832,0.33948,0.5665443999999998,0.85036,,,,,,,
submissions/sub119_nomannic_sub106_img1409_conf0432875.csv,2000,977,1225,0.3737417502558854,0.33948,0.5665443999999998,0.85036,,,,,,,
submissions/sub120_nomannic_sub106_img1409_conf043269.csv,2000,977,1225,0.3737415609007165,0.33948,0.5665443999999998,0.85036,,,,,,,
submissions/sub121_nomannic_sub106_img1409_conf043139.csv,2000,977,1225,0.3737402302968270,0.33948,0.5665443999999998,0.85036,,,,,,,
submissions/sub122_nomannic_sub106_img1409_conf043097.csv,2000,977,1225,0.3737398004094166,0.33948,0.5665443999999998,0.85036,,,,,,,
submissions/sub123_nomannic_sub121_add_img10_conf050.csv,2000,978,1225,0.3738693302658486,0.3395585,0.5660063000000004,0.85036,,,,,,,
submissions/sub124_nomannic_sub121_add_img10_conf043139.csv,2000,978,1225,0.3737991768916156,0.3395585,0.5660063000000004,0.85036,,,,,,,
submissions/sub125_nomannic_sub121_add_img1378_conf050.csv,2000,978,1224,0.3738693302658487,0.3395585,0.5660063000000004,0.85036,,,,,,,
submissions/sub126_nomannic_sub121_add_img1378_conf043139.csv,2000,978,1224,0.37379917689161557,0.3395585,0.5660063000000004,0.85036,,,,,,,
submissions/sub127_nomannic_sub121_add_img1494_conf050.csv,2000,978,1224,0.3738693302658487,0.3395585,0.5660063000000004,0.85036,,,,,,,
submissions/sub128_nomannic_sub121_add_img1494_conf0226918.csv,2000,978,1224,0.37359010531697345,0.3393805,0.5660063000000004,0.85036,,,,,,,
submissions/sub129_nomannic_sub121_add_img536_conf050.csv,2000,978,1224,0.3738693302658487,0.3395585,0.5660063000000004,0.85036,,,,,,,
submissions/sub130_nomannic_sub121_add_img810_conf0226321.csv,2000,978,1224,0.3735894948875255,0.3393805,0.5660063000000004,0.85036,,,,,,,
submissions/sub131_nomannic_sub121_img1409_conf043179.csv,2000,977,1225,0.37374063971340843,0.33948,0.5665444,0.85036,,,,,,,
submissions/sub132_nomannic_sub131_add_img1420_conf0225356.csv,2000,978,1225,0.3735889171779141,0.3393805,0.5660063000000004,0.85036,,,,,,,
submissions/sub133_nomannic_sub132_img1420_conf050.csv,2000,978,1225,0.3738697392638037,0.3395585,0.5660063000000004,0.85036,,,,,,,
submissions/sub134_nomannic_sub133_img1420_conf0381300.csv,2000,978,1225,0.3737483691206544,0.3395585,0.5660063000000004,0.85036,,,,,,,
submissions/sub135_nomannic_sub132_img1420_geom_modal.csv,2000,978,1225,0.3735889171779141,0.3393805,0.5660063000000004,0.85036,,,,,,,
submissions/sub136_nomannic_sub132_img1420_geom_median.csv,2000,978,1225,0.3735889171779141,0.3393805,0.5660063000000004,0.85036,,,,,,,
submissions/sub137_nomannic_sub132_img1420_conf0248600.csv,2000,978,1225,0.37361268404907977,0.3393805,0.5660063000000004,0.85036,,,,,,,
submissions/sub138_nomannic_sub137_add_img1586_conf0226266.csv,2000,979,1224,0.3734621767109295,0.339281,0.5654682000000002,0.85036,,,,,,,
submissions/sub139_nomannic_sub137_add_img1791_conf0226226.csv,2000,979,1224,0.37346213585291116,0.339281,0.5654682000000002,0.85036,,,,,,,
