image_id,prediction_string
0,0.637568 893.96 186.20 9.06 40.97 0.542310 208.88 673.97 16.48 48.68
1, 
2,0.686024 637.87 294.01 44.26 64.56
3,0.493196 766.49 428.59 28.21 101.24
4,0.553913 235.89 733.00 18.71 37.05 0.525737 109.73 684.89 30.15 44.79 0.232701 381.67 404.75 16.57 31.64 0.206191 385.53 546.23 10.78 26.23 0.200440 112.42 686.75 21.11 30.98
5, 
6,0.453702 977.20 27.48 41.23 36.35
7, 
8,0.416329 937.80 674.77 39.58 9.61 0.375047 193.75 57.77 18.46 49.56 0.299541 618.45 734.51 10.31 45.90
9,0.616834 596.11 912.08 28.40 63.23 0.224624 599.00 937.79 16.69 35.04
10,0.823154 4.98 17.87 37.53 58.97 0.337677 28.86 578.78 11.66 83.59 0.279378 862.19 327.50 56.77 23.85 0.247683 937.23 69.18 11.53 33.38
11,0.601297 744.84 270.47 52.40 23.02
12,0.815020 959.29 657.33 44.89 33.16 0.607481 425.13 341.32 30.23 11.05 0.381516 219.17 251.29 53.72 18.68 0.244265 402.60 340.02 58.67 14.64 0.234089 226.40 255.94 37.50 13.29
13, 
14, 
15, 
16,0.595598 789.35 871.18 18.94 53.59
17,0.568040 35.83 348.76 31.69 43.41
18,0.702949 515.84 491.19 25.23 17.31 0.350111 960.63 558.42 20.94 22.72 0.311083 959.75 548.45 33.40 37.79 0.208705 875.76 37.33 40.35 39.33
19,0.516759 122.20 361.51 25.40 47.62 0.450715 1003.63 567.55 13.12 28.10
20,0.765438 380.71 86.52 19.89 67.23 0.478074 247.18 518.80 14.32 56.03
21, 
22,0.754730 312.93 394.36 9.00 55.66 0.208791 106.03 725.40 17.12 40.58
23,0.509035 302.65 896.67 24.63 11.30
24, 
25,0.617341 709.95 237.89 20.98 14.81
26,0.468254 539.55 650.61 20.52 32.47 0.441041 576.04 79.28 8.53 49.41
27,0.790722 811.73 865.57 78.66 35.66
28,0.529747 567.89 338.18 51.45 37.32
29,0.651203 119.10 730.70 55.12 16.80 0.433619 439.32 749.87 33.19 33.31 0.278111 906.25 854.51 9.34 35.04
30,0.812334 946.05 932.22 76.15 29.96 0.633527 577.18 772.46 80.46 26.21 0.469546 206.78 978.37 25.93 43.69 0.272822 649.73 222.87 29.33 74.87
31,0.804755 97.78 772.12 44.36 52.01 0.413309 508.91 173.09 41.27 50.76
32,0.215764 1007.80 251.46 13.14 35.83
33,0.829130 339.15 763.84 51.56 104.96
34, 
35,0.722229 709.68 712.07 21.24 51.88
36,0.721581 209.85 218.28 14.39 27.20
37, 
38,0.712143 93.32 0.00 46.95 32.52 0.321656 973.64 150.36 30.02 40.95 0.246724 978.96 161.59 19.25 26.19
39,0.781834 146.33 362.77 51.42 9.24 0.700165 211.51 492.66 78.45 25.09 0.653319 2.47 611.41 27.79 98.47
40,0.677640 671.54 722.95 9.89 50.83 0.343002 950.45 847.94 23.54 62.28 0.325304 473.79 604.82 19.73 24.82 0.238396 950.08 850.74 16.35 33.24
41, 
42,0.791431 442.32 496.16 35.17 15.24 0.606677 73.45 261.26 23.50 43.26 0.422623 988.62 326.46 24.90 9.41
43,0.717558 658.67 991.36 82.99 21.90 0.664938 639.94 378.70 29.67 12.62 0.502332 696.69 869.85 26.74 46.56 0.469787 606.57 305.90 60.13 57.02
44,0.513304 829.64 494.60 37.91 20.15
45,0.677632 312.23 55.71 47.10 40.97
46,0.826751 739.14 595.66 40.68 49.82 0.801284 834.40 317.95 54.28 29.72 0.735337 212.22 478.71 56.55 29.80 0.544187 530.81 319.81 16.20 54.29
47,0.512040 757.48 27.89 34.10 43.41
48, 
49,0.602802 212.76 751.48 39.33 37.41 0.241674 11.59 738.46 10.25 88.71
50,0.457245 522.88 559.37 46.24 14.19
51, 
52,0.609087 847.51 944.54 55.30 34.64
53,0.850295 692.38 728.33 67.96 82.87 0.356746 348.80 31.33 63.03 31.46 0.355951 351.37 42.12 37.93 20.29
54, 
55,0.430938 1001.35 685.72 17.92 64.14
56,0.516026 17.90 911.86 20.31 64.19
57,0.667264 544.20 446.94 42.80 46.27 0.384559 80.62 230.92 31.32 38.67 0.352257 89.65 243.54 20.03 21.36
58,0.809642 980.40 604.82 39.12 45.71
59,0.842415 456.56 218.78 38.14 43.86 0.461036 327.37 354.00 41.26 24.39 0.205339 329.11 356.27 26.94 16.44
60, 
61, 
62, 
63,0.622052 505.43 51.60 45.12 29.71
64, 
65, 
66, 
67,0.574189 948.81 559.94 8.91 41.39 0.558527 676.29 14.25 47.91 22.72
68,0.844659 256.64 524.47 23.67 56.67 0.558863 400.52 675.40 27.17 103.23
69, 
70, 
71,0.554734 223.09 302.19 17.62 63.37
72, 
73,0.345663 769.38 918.75 11.67 44.35
74,0.780716 140.53 370.27 42.92 40.16 0.438013 533.24 607.73 42.04 23.28
75,0.721719 444.86 81.79 8.14 54.00 0.676004 286.39 810.23 41.70 28.46 0.580154 195.78 181.58 26.60 41.11
76,0.646571 763.89 562.12 30.55 51.91 0.511894 235.91 643.04 33.07 16.40 0.449274 430.61 525.78 24.36 33.81 0.323415 181.37 25.13 32.95 45.49 0.280140 758.85 540.54 44.76 78.72
77,0.226220 21.24 51.57 20.78 18.88
78, 
79,0.763110 853.28 34.28 63.97 21.21 0.664907 988.74 537.12 31.31 42.93 0.624108 343.31 319.46 38.94 62.30 0.336174 183.30 922.03 31.69 40.76
80, 
81,0.548485 680.75 886.47 42.82 31.32 0.442785 782.19 239.79 24.37 21.24
82, 
83, 
84,0.252677 148.71 492.07 20.92 46.72
85, 
86,0.713203 865.36 788.64 48.20 29.14
87,0.629113 542.71 434.12 17.25 31.11 0.539507 972.39 712.52 14.83 51.33 0.244562 228.77 980.34 35.42 39.43
88,0.318990 796.79 867.83 21.34 65.04 0.307898 907.24 646.53 73.85 9.99
89, 
90,0.362933 742.83 766.91 12.62 22.79
91,0.471382 423.71 159.55 29.97 64.41
92,0.427463 713.42 548.49 38.30 14.80
93,0.667469 806.33 128.42 21.96 16.88 0.347418 740.85 344.36 12.44 35.27
94,0.548006 910.86 297.78 27.34 12.27 0.525624 188.88 905.05 43.70 33.34 0.450746 753.33 284.40 83.47 9.48 0.404230 321.67 318.09 9.92 48.09 0.273881 206.33 907.29 25.42 21.26
95,0.691128 731.80 17.73 16.36 25.32
96,0.822833 119.18 467.92 43.94 55.78 0.708287 488.50 393.13 32.37 10.19
97,0.695042 840.52 603.52 36.20 36.46 0.582033 29.16 588.87 37.12 14.94 0.452144 479.34 102.21 10.47 28.05
98, 
99, 
100,0.442424 997.92 769.79 21.76 52.10 0.351450 581.36 798.42 43.84 20.70 0.296807 76.23 527.16 21.09 45.01
101, 
102,0.462259 55.80 325.49 22.71 28.26
103,0.756833 182.88 330.94 45.45 14.58 0.380998 534.14 77.43 25.64 20.88
104,0.600042 680.35 51.11 15.48 48.13
105, 
106,0.253847 986.62 688.91 23.11 57.31
107, 
108,0.829408 9.37 361.54 28.01 49.71
109, 
110,0.677777 2.35 32.93 40.67 45.34
111,0.866987 1.02 123.06 70.72 33.88 0.371682 16.14 48.63 22.71 61.38 0.226046 23.21 61.02 17.64 47.06
112,0.509527 607.60 344.06 21.30 54.16
113,0.734925 780.44 439.98 16.54 37.47 0.717701 555.26 356.98 19.12 25.15 0.588598 998.87 673.80 13.94 43.92 0.386156 297.19 157.74 23.06 11.25 0.375662 408.36 467.07 39.81 36.71 0.253532 553.28 353.48 29.29 44.07
114,0.336578 122.03 508.51 16.59 39.98
115,0.425295 585.74 829.34 32.27 8.31
116,0.874197 438.17 270.88 68.55 27.19
117, 
118,0.743572 944.89 302.79 69.93 22.71
119, 
120,0.735137 191.12 424.29 33.19 8.43
121,0.575993 520.48 289.94 18.31 68.96
122, 
123, 
124,0.686396 233.83 987.88 53.85 25.82
125, 
126,0.565724 876.22 273.17 58.25 57.14
127, 
128,0.843008 11.53 656.08 25.04 83.44 0.534599 604.33 0.99 64.16 25.40 0.314919 660.68 402.19 42.27 11.09 0.254337 607.52 2.35 39.86 15.88
129,0.510931 153.14 468.94 20.81 63.46 0.335724 154.00 490.12 14.45 40.25 0.205893 908.90 197.50 13.72 61.64
130,0.759736 753.98 501.31 45.55 27.56
131,0.570692 664.30 737.41 26.53 51.37 0.328055 665.19 739.51 18.38 30.20
132, 
133,0.525748 802.73 776.67 34.58 45.83
134,0.740259 491.45 35.54 63.47 41.26 0.529511 933.78 174.32 43.49 12.78
135, 
136,0.822371 615.69 424.88 33.68 54.12 0.242131 31.78 877.50 20.14 27.44
137, 
138, 
139,0.427697 412.61 0.00 60.27 27.26
140, 
141,0.717891 496.42 874.09 54.02 49.14 0.702212 441.07 371.44 29.75 48.79
142, 
143,0.694956 654.79 596.65 29.21 58.04 0.517846 667.80 698.84 19.46 32.62 0.228998 664.91 682.76 26.30 49.01
144,0.422343 489.73 515.28 30.96 52.62 0.200947 86.79 87.01 34.85 43.99
145,0.507997 129.57 673.11 66.81 9.62
146,0.771714 708.63 889.28 28.69 56.74
147,0.657489 152.53 23.24 26.16 43.32
148,0.501656 132.29 199.36 28.29 23.15
149,0.791902 945.80 896.38 31.92 48.71 0.760722 903.66 65.88 78.56 35.83 0.220236 1.16 326.84 18.31 22.52
150,0.801124 666.07 964.15 48.77 36.73 0.767633 675.27 303.39 50.57 35.49
151,0.601927 826.63 234.18 8.18 35.32 0.526487 1005.43 880.46 12.07 35.26 0.212740 948.81 858.30 23.44 23.31 0.206411 708.69 663.66 11.57 46.55
152,0.248759 586.77 808.63 41.63 31.62
153,0.428302 221.17 437.56 59.29 15.84
154,0.599885 704.84 539.46 56.14 43.15
155,0.627353 832.52 939.61 42.88 54.61 0.475766 654.14 5.23 32.43 32.85 0.282820 14.00 596.85 24.56 9.81
156,0.880025 573.59 43.44 136.64 74.42 0.760457 78.87 716.84 35.99 50.33 0.570110 557.35 212.73 16.57 49.54
157,0.725060 175.83 401.45 30.17 17.10 0.419032 681.77 346.04 32.68 35.36 0.253918 173.50 399.88 48.86 25.22 0.224874 686.66 352.89 20.49 20.93
158,0.785656 382.13 797.52 32.53 18.05 0.573335 14.64 833.55 36.67 8.81 0.482626 919.69 352.67 32.04 41.90 0.381418 919.70 364.58 21.83 29.51 0.239202 122.49 703.93 39.64 36.69
159,0.861771 17.58 396.91 90.80 21.07 0.751303 695.16 686.50 29.80 67.03
160,0.421633 75.70 728.23 54.44 32.78
161,0.860918 824.77 454.66 63.61 38.33 0.529915 454.88 254.85 16.92 40.14 0.404485 726.34 837.62 88.99 15.67
162,0.463667 317.03 509.15 35.34 34.45
163,0.488885 771.31 722.88 58.15 16.44 0.413440 363.83 394.07 32.14 48.82
164,0.373421 204.49 240.74 38.80 40.17
165, 
166, 
167,0.507353 270.43 609.69 25.75 11.19 0.468109 232.30 980.73 71.91 11.72
168,0.484152 173.62 834.57 48.40 54.54
169,0.641777 124.63 395.33 34.07 49.72
170, 
171,0.347678 367.80 477.33 21.78 41.74
172, 
173,0.746307 400.73 220.82 46.95 10.13 0.512650 103.87 171.61 37.81 44.00
174,0.797454 14.67 3.18 52.27 27.91 0.436147 786.72 67.84 55.83 33.85 0.248797 41.57 354.69 10.05 30.17
175,0.790987 157.05 622.70 21.14 54.92 0.719789 950.32 833.87 64.59 86.33
176,0.525570 15.01 50.95 18.15 50.05 0.453221 923.99 847.07 38.92 31.93
177, 
178, 
179,0.290882 540.35 341.07 13.63 30.12
180,0.233356 713.04 669.36 10.78 34.47
181, 
182,0.460862 306.03 512.73 28.30 46.42
183,0.696899 184.23 252.84 30.36 65.33 0.385272 711.63 824.87 42.06 30.29 0.379844 720.25 830.89 23.53 17.43 0.295658 700.13 818.58 45.78 33.61
184, 
185,0.687747 269.13 296.86 67.95 27.63 0.612922 151.80 194.65 8.10 54.39 0.489820 608.95 539.43 49.86 88.24
186, 
187, 
188,0.659277 573.48 539.25 58.18 12.14
189,0.588150 912.24 171.43 20.98 76.17
190,0.874876 110.90 906.59 56.76 36.71
191,0.790613 900.18 640.74 44.60 33.96 0.743237 237.28 562.63 24.22 21.73 0.373658 569.96 157.60 62.90 34.57 0.253146 230.39 559.83 35.49 30.61
192,0.798408 422.66 811.10 15.86 31.05 0.230532 684.06 904.68 18.58 18.13
193,0.679765 126.28 264.91 36.03 19.27 0.622120 782.91 814.32 52.88 37.82
194,0.462723 480.28 368.45 8.95 46.57
195,0.663354 95.00 822.41 57.01 20.66
196,0.663657 915.32 749.10 37.55 54.13
197,0.366964 33.41 548.47 32.07 44.59 0.296768 677.09 733.35 10.15 56.72
198,0.684624 199.70 986.17 42.40 34.99 0.672170 864.44 590.45 28.88 48.58 0.501159 534.39 760.33 20.60 75.16 0.235129 872.71 606.26 19.36 30.03
199, 
200, 
201,0.718461 410.11 783.74 56.15 11.32
202, 
203, 
204,0.706682 400.31 939.41 48.32 47.86
205,0.744163 753.83 354.58 34.21 64.75 0.420878 704.37 611.91 10.08 39.01 0.204728 991.91 34.69 23.45 50.84
206, 
207, 
208,0.715244 953.05 481.89 22.52 49.75
209,0.564984 197.94 313.87 44.45 33.08
210,0.644697 779.63 269.09 15.96 29.02
211, 
212,0.830308 0.00 529.30 47.89 42.59
213,0.726978 539.43 752.67 8.47 53.06 0.532962 970.96 194.73 50.85 34.17 0.248342 531.28 538.09 10.07 65.89
214,0.605852 437.87 509.23 29.77 9.12 0.327556 986.31 295.33 28.97 50.24
215,0.611703 943.87 955.38 46.34 21.98 0.540536 181.37 927.07 30.41 57.11
216,0.619398 666.60 867.81 36.73 29.91 0.579834 954.23 334.17 11.52 32.12 0.408768 994.86 754.72 24.36 20.96 0.394142 978.40 742.94 45.46 35.13
217,0.238669 793.02 46.36 10.67 35.97
218,0.750785 765.09 522.32 19.14 85.25
219,0.552428 346.62 761.95 16.39 29.93 0.469296 37.32 817.38 38.65 40.51 0.296070 35.60 817.74 23.04 20.29
220, 
221,0.417938 492.18 559.84 51.94 17.85
222,0.844472 709.33 90.24 69.23 30.14
223,0.808313 452.36 120.96 43.00 32.93
224,0.499221 909.06 719.18 39.64 31.86
225,0.536327 235.82 657.73 43.79 28.53 0.374881 527.61 152.43 16.47 34.39
226, 
227,0.291877 590.45 634.01 40.20 34.84
228,0.232061 628.62 463.51 22.30 22.76 0.227523 621.97 460.71 35.53 30.24
229,0.666835 843.47 849.27 62.42 50.53 0.451616 789.48 138.86 12.26 45.79
230, 
231, 
232,0.444212 773.74 793.08 25.95 44.52
233,0.416719 320.66 479.53 61.16 14.86
234,0.706563 207.22 200.41 30.48 45.97 0.672357 273.33 142.52 24.08 42.39 0.476541 483.84 282.40 10.70 43.67
235,0.709088 297.50 7.09 53.85 50.76
236,0.665808 581.31 189.33 28.05 37.90
237,0.795671 322.03 332.89 53.13 21.64 0.560452 856.46 1.05 19.95 58.19
238, 
239,0.606609 0.00 649.14 59.64 44.94 0.471763 339.72 885.11 53.84 19.43
240, 
241,0.423310 537.46 343.53 56.25 36.15
242,0.634932 655.40 940.31 16.77 33.72 0.544906 624.76 845.72 20.95 33.27 0.333542 648.53 938.18 23.73 52.98
243,0.797468 776.82 342.08 88.11 44.88 0.789216 264.24 352.12 121.54 60.26
244, 
245, 
246, 
247, 
248,0.706578 586.41 410.14 29.92 47.78 0.672746 34.75 710.20 66.74 40.03
249,0.587006 168.55 305.05 29.17 45.13 0.571005 420.19 12.56 65.50 31.48 0.274774 170.01 307.61 20.19 23.96
250,0.455872 913.17 856.96 53.59 29.38 0.430170 876.49 673.31 73.23 28.33 0.235121 915.87 858.59 34.15 19.06
251, 
252,0.496868 529.31 838.80 31.19 42.34
253,0.668119 12.48 968.33 51.72 20.56
254, 
255, 
256,0.619693 804.77 825.98 39.58 31.30 0.294175 771.58 871.67 24.41 45.98
257,0.578694 944.43 387.06 23.73 24.18 0.500758 513.83 574.63 43.44 26.31 0.295362 931.34 370.35 38.03 42.88
258, 
259, 
260,0.721676 603.97 639.91 24.02 71.47 0.677371 507.53 781.61 42.21 48.33
261,0.577661 606.91 33.75 46.34 29.16
262, 
263,0.660206 314.57 744.04 80.64 9.32 0.658352 614.11 587.81 17.71 21.75
264,0.604536 322.54 774.16 9.53 32.20
265, 
266,0.332876 476.58 371.72 56.54 14.99 0.206059 911.14 969.12 30.84 40.57
267,0.788449 268.50 23.95 48.00 9.73 0.285730 75.66 154.87 10.03 44.67
268,0.334507 244.52 436.53 9.51 42.61
269, 
270, 
271,0.408981 42.99 856.31 35.05 39.72 0.275804 49.95 865.93 21.07 22.17
272,0.442262 28.20 844.29 34.34 35.05 0.320915 36.20 852.39 24.02 24.41
273, 
274,0.652784 916.41 547.58 25.82 59.73 0.313866 614.10 947.42 24.75 63.49
275,0.374945 932.63 786.45 32.04 9.05 0.234157 684.04 682.63 29.97 45.35
276, 
277, 
278,0.469920 842.37 952.22 30.48 54.50
279,0.402096 525.16 536.24 32.00 45.04
280,0.432911 763.93 995.07 16.77 28.93 0.322996 556.93 838.05 69.01 9.23
281,0.643053 90.95 119.00 53.08 33.47 0.441587 298.46 989.24 12.82 34.76
282,0.374055 301.32 127.64 35.90 31.25
283, 
284,0.214102 595.92 407.36 10.42 47.16
285,0.788321 865.55 923.62 25.69 63.78
286, 
287,0.828738 847.09 658.43 27.68 69.91 0.740576 433.20 733.34 14.44 45.93 0.709241 593.83 956.17 55.36 11.06
288, 
289,0.798844 491.58 412.77 23.26 30.36 0.656017 319.04 537.89 25.56 11.78
290, 
291,0.603986 190.26 901.26 14.90 27.92 0.261316 154.31 782.61 27.85 48.15
292,0.725543 674.80 479.12 65.92 33.28
293,0.312830 651.42 270.87 8.30 40.19
294,0.783683 135.03 468.06 23.40 53.07 0.709248 635.35 2.14 42.40 35.10
295,0.385395 240.50 630.73 24.85 22.36
296,0.694782 81.73 225.99 57.33 35.67
297, 
298,0.681913 6.55 100.89 23.67 55.83 0.469470 820.02 471.04 27.99 48.65
299,0.474092 280.28 281.48 45.12 38.87
300,0.782339 713.62 831.37 78.98 63.91
301,0.833376 609.15 1.70 69.50 90.45 0.746354 607.10 417.19 49.01 30.25 0.707470 206.78 111.54 13.60 40.52 0.695818 776.39 233.33 50.22 34.20
302,0.681997 236.18 527.59 45.58 8.25 0.561362 105.97 542.89 27.59 45.44
303,0.591115 794.50 839.06 33.33 54.97 0.223168 853.66 551.41 64.83 9.12
304,0.736433 449.87 802.54 33.21 11.51
305,0.286229 102.67 875.53 13.98 47.46
306,0.845832 389.01 497.40 75.71 33.68 0.534972 779.09 95.00 53.64 17.32
307,0.482963 464.32 729.83 13.07 23.63 0.208418 583.44 832.46 9.10 38.65
308, 
309,0.493897 758.64 947.60 35.90 7.22 0.203621 1007.76 472.95 10.69 36.90
310,0.823217 205.91 989.15 42.02 8.59 0.290219 566.71 550.47 10.76 35.46
311,0.742355 628.63 667.61 54.53 12.99
312, 
313,0.518875 442.35 310.66 58.42 42.36
314,0.262768 1010.48 569.76 10.72 42.68
315, 
316,0.465747 669.83 578.86 16.41 25.83 0.451297 658.53 555.25 28.25 53.36 0.420066 336.05 759.91 38.77 39.94 0.290183 342.54 762.96 27.93 26.64
317,0.260444 835.52 876.99 54.30 17.64
318,0.656679 445.47 896.72 59.34 18.91
319, 
320, 
321, 
322,0.373383 776.13 34.67 24.51 35.38 0.302517 235.17 117.85 12.13 35.65
323,0.691060 165.37 630.81 34.90 13.27 0.322509 768.63 546.17 36.41 39.19
324,0.577988 789.15 586.42 15.68 24.97 0.569063 533.47 98.45 33.16 51.28
325,0.745179 822.39 566.26 34.67 54.23 0.295831 0.00 89.68 20.88 20.12
326,0.809145 53.62 730.55 19.86 78.49 0.580617 911.69 331.77 18.95 25.07 0.291632 907.11 324.06 30.66 43.12
327,0.606963 383.23 657.28 54.72 28.87
328,0.673863 86.71 868.18 9.43 45.71 0.403182 459.12 523.43 30.58 12.40 0.345951 165.03 43.32 24.76 52.89 0.263407 457.95 521.33 53.12 19.53 0.256720 875.14 681.01 41.26 42.88
329,0.541800 316.98 957.52 61.35 16.54
330,0.587021 764.18 742.04 61.45 18.86
331, 
332, 
333,0.568624 233.02 738.40 31.99 33.75
334, 
335,0.733262 393.49 459.70 21.28 66.06 0.459512 89.07 576.48 67.89 22.87 0.276863 87.50 493.27 101.50 18.57
336,0.553685 650.41 851.67 31.56 18.77 0.458036 638.26 849.96 46.83 25.87
337,0.338574 483.09 974.27 23.99 24.25 0.246479 476.68 969.08 38.20 37.46
338, 
339, 
340,0.799256 177.24 186.98 45.91 31.18
341, 
342,0.701880 965.47 377.90 42.10 45.51 0.425015 661.17 763.28 34.65 13.54
343,0.491449 975.40 56.96 45.73 37.39
344,0.622711 780.01 172.87 34.22 19.15
345, 
346, 
347, 
348, 
349,0.581754 680.56 4.54 30.85 38.01 0.489986 831.98 5.28 25.60 39.90 0.305950 521.19 476.06 14.92 63.05
350, 
351,0.822532 378.66 791.14 24.11 55.31 0.466912 133.93 862.78 42.08 9.93
352, 
353,0.719489 682.88 548.85 9.18 42.87
354, 
355, 
356,0.653011 786.52 436.56 57.23 30.73 0.650182 301.83 136.55 55.32 8.71 0.440124 115.52 966.41 72.56 18.90 0.242267 426.63 923.44 36.07 51.11
357,0.326473 659.61 23.33 9.07 52.85
358, 
359,0.770593 453.30 549.84 36.50 39.75 0.511199 631.76 584.93 37.14 16.43
360, 
361,0.596646 926.70 904.39 37.32 41.76 0.356047 496.22 583.86 21.69 14.84 0.307471 937.23 916.71 26.23 26.99
362,0.474229 349.23 195.79 52.89 33.54 0.470208 543.86 803.68 35.23 25.55
363,0.871418 928.05 148.46 27.20 73.35 0.751801 329.94 238.05 40.10 48.06
364,0.538947 290.38 774.01 24.17 46.02
365, 
366, 
367,0.557525 500.29 282.71 37.29 60.75
368, 
369,0.696184 510.60 873.06 54.79 10.01 0.251579 159.81 797.27 11.11 23.88
370,0.828314 192.32 887.14 76.52 22.61 0.586370 992.42 630.74 23.89 51.05
371,0.463284 39.05 975.01 38.25 10.63
372,0.778615 791.95 218.19 20.77 59.54 0.269500 731.61 792.56 12.32 44.47
373, 
374,0.729472 589.50 706.95 29.99 23.75
375,0.429251 2.15 206.24 34.08 30.55 0.407887 23.78 762.96 16.14 33.67 0.303934 23.28 756.62 27.69 40.51
376,0.726704 358.39 993.12 98.42 24.88
377,0.655292 712.17 35.12 35.40 55.63 0.206168 256.53 124.70 37.79 8.57
378,0.766223 106.87 536.05 47.76 28.69 0.610239 758.66 818.77 13.64 42.18 0.293806 442.27 441.63 21.58 60.70
379,0.629089 339.11 220.90 17.40 38.19 0.467702 224.89 1000.17 36.80 22.21
380, 
381, 
382,0.649564 982.77 977.62 35.01 41.15 0.416051 392.08 977.79 58.34 25.71 0.274288 552.26 842.03 43.60 10.18
383,0.739411 705.32 702.61 16.25 78.10
384,0.377589 805.31 70.45 30.31 13.30
385,0.635202 812.23 471.82 25.70 53.44 0.388420 305.21 225.55 32.71 46.77 0.258876 339.83 922.33 35.24 15.66 0.219495 312.60 230.48 20.75 27.13
386,0.718411 184.17 957.52 88.21 21.54 0.491111 346.07 417.68 29.21 20.73
387,0.801658 365.46 968.87 56.54 35.56 0.397557 1002.65 263.39 8.93 51.73 0.203244 1001.04 255.01 15.20 64.82
388,0.649034 373.33 310.65 9.42 35.21
389,0.773639 945.14 136.48 23.24 61.15 0.496413 295.11 63.66 45.77 16.17 0.227265 0.00 111.44 11.27 38.76
390,0.471632 134.46 573.57 61.32 27.02
391,0.646365 610.16 786.47 54.30 30.12 0.526267 865.41 172.57 26.94 43.48 0.307859 631.19 799.82 31.31 16.18 0.252937 252.12 290.27 37.45 20.52
392, 
393,0.396268 75.67 178.41 24.08 33.61
394,0.730629 496.23 353.99 76.12 34.40 0.407909 109.88 320.67 27.67 49.27
395, 
396,0.214923 389.62 182.54 104.70 19.13
397,0.643639 380.64 602.28 19.06 62.30 0.498163 906.95 254.89 97.67 41.43
398,0.834550 334.73 209.34 62.46 24.97
399,0.772184 965.15 373.20 49.24 37.34
400,0.520597 585.75 234.59 42.65 45.50
401,0.653625 743.27 864.52 26.44 20.49
402, 
403, 
404,0.697460 287.61 596.05 43.03 31.77
405, 
406, 
407,0.759782 284.43 76.91 8.04 50.56 0.518747 346.94 607.73 8.32 47.21
408,0.359244 988.59 705.35 15.96 38.63 0.311950 980.96 703.34 20.15 59.73
409,0.306163 113.64 734.23 14.77 25.51
410,0.755318 351.83 783.27 34.67 52.86 0.696152 639.44 315.42 8.74 56.15
411, 
412,0.512802 237.08 640.99 36.17 20.63 0.266133 799.15 640.56 8.78 94.85
413,0.568223 980.65 945.95 40.11 28.07 0.264049 263.62 583.93 23.95 102.16
414,0.365343 530.16 921.05 33.38 8.47
415,0.784151 793.01 958.91 124.59 48.50 0.299607 529.80 775.47 30.91 25.42 0.228659 875.13 229.18 98.54 12.86
416,0.518680 470.26 756.34 22.17 25.38 0.482279 468.46 727.89 43.85 55.97 0.430594 87.65 418.84 20.10 56.32 0.214501 89.91 423.85 15.33 35.96
417, 
418,0.665844 613.06 109.94 58.30 21.02
419,0.457789 429.00 100.24 36.50 35.73 0.211507 437.19 107.68 23.70 23.95
420, 
421, 
422,0.511523 654.44 736.95 37.53 35.77 0.201591 668.08 750.02 22.81 20.61
423,0.820424 749.26 548.88 47.02 40.64 0.216985 412.01 168.07 20.98 34.41
424,0.604271 262.42 630.34 34.11 8.12 0.460148 654.90 920.09 17.36 27.30 0.285560 653.03 918.33 27.49 46.97
425, 
426,0.690217 311.41 743.19 38.72 62.50
427, 
428,0.661419 296.40 99.00 43.08 39.83
429,0.215156 252.98 302.75 30.32 50.03
430,0.586398 1004.08 659.63 17.83 25.36
431, 
432, 
433,0.527321 493.68 150.47 9.90 48.92 0.414418 347.99 113.38 74.00 47.49
434,0.726048 518.20 370.20 24.45 54.80 0.651949 955.31 31.55 34.19 14.03 0.616674 745.56 377.69 39.48 54.62 0.279485 944.08 30.25 54.17 18.12
435,0.534578 356.39 678.17 73.07 20.39
436, 
437,0.553650 704.86 875.35 51.99 40.13
438, 
439, 
440,0.717277 1.40 161.56 36.29 43.77
441,0.663556 646.67 876.10 43.13 37.57 0.513876 829.24 131.46 26.19 9.96
442, 
443,0.608822 917.13 584.90 38.88 48.78
444,0.510537 834.50 598.71 15.04 48.59
445,0.477307 12.11 938.76 60.00 14.35 0.470643 127.26 821.69 25.64 23.53
446,0.735639 250.18 499.39 34.79 49.77 0.467216 917.95 790.14 13.43 35.31 0.467103 870.53 40.66 37.96 37.46 0.463026 862.28 366.91 60.03 9.12 0.353401 747.71 930.21 14.13 32.11 0.321756 917.68 786.67 18.73 56.66 0.283595 742.11 928.65 20.60 53.72
447,0.222172 246.45 462.97 45.40 23.60
448, 
449,0.675802 678.08 425.08 38.08 9.95
450,0.465932 576.05 644.74 21.38 27.87
451,0.590270 21.41 488.12 31.17 43.55 0.521354 242.37 619.23 20.78 17.26
452,0.664522 151.98 2.18 34.83 59.93 0.530945 249.12 85.15 48.00 23.81
453, 
454,0.797772 660.03 861.21 34.72 43.91 0.443245 309.44 789.88 29.30 10.07
455,0.823968 396.19 862.54 32.86 15.88 0.694477 615.70 338.83 22.40 14.61 0.389849 906.55 640.47 28.19 21.28 0.207468 542.85 858.75 26.57 40.60
456,0.428392 620.74 981.70 22.02 22.22 0.225698 612.50 981.01 34.61 35.93
457,0.430176 565.92 632.79 47.67 69.59 0.390362 276.54 672.14 50.44 34.20 0.244795 280.74 675.28 28.56 20.43
458,0.808617 782.25 803.17 72.29 23.08
459,0.614383 537.00 25.91 39.88 27.13
460,0.693580 933.77 533.05 19.78 27.39 0.257376 934.30 528.61 26.12 39.82
461,0.530095 794.69 501.21 28.66 28.30 0.272969 504.87 23.17 11.44 50.42
462, 
463,0.534667 277.19 428.01 20.93 49.13
464,0.393777 92.93 751.76 18.27 15.56 0.314358 675.06 847.16 16.15 20.83
465, 
466, 
467,0.283335 132.10 710.05 10.36 48.64 0.249104 931.57 1004.34 39.75 13.06
468,0.262450 560.80 613.19 57.78 11.93
469,0.217077 925.28 696.51 42.62 31.68
470, 
471,0.533254 148.36 1005.87 44.73 16.30
472,0.877079 313.00 271.67 68.53 33.96
473, 
474,0.665744 573.41 235.17 18.81 17.16 0.423346 544.26 617.11 41.47 50.71 0.340650 85.78 196.80 15.96 42.64 0.324705 83.94 180.26 21.59 63.86 0.241914 204.47 706.18 12.27 42.83
475,0.610827 0.00 13.58 28.12 45.95 0.418968 560.26 0.00 28.70 34.47
476,0.556210 340.23 729.95 37.15 45.75 0.344532 909.10 407.04 50.87 28.87
477,0.584105 747.66 235.46 32.51 41.26 0.566022 49.15 588.25 29.00 10.20 0.430324 347.32 397.70 63.65 17.05
478,0.539621 439.90 451.80 33.03 34.74
479, 
480,0.825185 412.71 935.33 99.29 72.24 0.693111 141.79 547.31 33.79 57.35 0.372068 545.97 218.89 39.05 39.06
481, 
482,0.469032 437.34 587.07 10.44 49.65 0.390250 929.31 212.82 64.91 49.29 0.366961 422.49 637.34 35.62 9.45 0.300095 425.11 633.06 30.84 11.39
483,0.287053 1.86 111.84 8.30 45.87
484, 
485, 
486,0.232135 861.71 561.97 18.09 28.45
487,0.571285 781.81 731.84 14.37 29.89 0.252833 780.08 711.57 21.47 55.48
488,0.465807 676.02 19.39 42.30 25.86
489,0.374270 638.24 556.43 11.15 97.88 0.372366 177.86 925.39 46.38 26.52 0.281667 183.51 930.94 24.20 15.02
490,0.707050 256.23 6.33 47.56 58.68 0.415573 961.14 90.67 11.80 34.66
491,0.868644 219.67 558.00 63.22 25.55 0.814129 710.80 401.40 21.23 92.70 0.674689 537.00 923.74 35.88 99.81 0.442894 268.15 971.15 90.40 11.18 0.231132 963.21 421.93 16.96 81.27
492,0.739393 459.68 206.78 51.85 48.06 0.725322 71.58 85.19 25.67 49.83
493,0.507215 491.50 548.97 52.27 20.02 0.274684 1002.79 71.41 19.69 25.19
494,0.577211 746.81 666.83 27.74 44.13
495, 
496,0.543316 199.40 205.43 22.98 47.26 0.234808 1010.44 719.42 10.81 35.37
497,0.263963 78.22 0.00 18.67 43.71
498, 
499,0.497219 953.68 510.00 64.70 21.97
500,0.394561 518.66 357.04 46.65 37.19
501,0.589325 919.23 700.57 33.58 18.08
502, 
503,0.706786 807.77 144.29 29.64 39.55 0.410601 676.80 873.80 16.45 60.29
504, 
505,0.645675 577.98 544.50 60.72 40.21 0.426829 701.04 609.76 26.39 20.81
506, 
507, 
508,0.367288 122.90 689.00 16.28 70.56
509,0.729926 524.59 710.17 26.57 51.16 0.669201 4.85 261.75 43.51 39.34 0.508761 859.51 58.85 24.05 71.81
510,0.748281 403.82 136.04 55.96 39.43 0.697364 302.92 889.23 42.93 30.90
511,0.587001 461.57 751.10 19.87 47.22 0.444803 311.90 608.08 44.06 28.58 0.290799 222.46 942.35 33.12 42.64 0.208170 47.10 862.13 8.71 33.47
512,0.577312 38.24 11.64 47.01 25.63 0.524604 881.22 653.47 46.22 29.11 0.475404 169.66 499.11 17.37 23.56
513,0.385020 287.08 473.19 32.46 14.03 0.305072 444.83 864.87 40.85 32.48 0.250534 450.81 867.19 26.10 22.49 0.247845 265.11 472.92 53.81 22.24
514, 
515, 
516,0.311054 278.64 126.93 42.20 42.97
517,0.273712 792.39 643.92 8.69 49.22
518,0.642325 955.58 427.01 44.95 40.89
519, 
520,0.206602 747.98 254.55 16.22 21.08
521,0.492808 116.90 378.24 59.32 14.85
522,0.464249 213.98 252.35 32.99 41.30 0.414073 935.80 775.68 35.27 34.60 0.380533 402.84 142.94 18.82 55.34 0.230018 406.23 163.82 13.98 32.53
523, 
524,0.566231 506.98 490.48 23.86 54.32 0.354468 545.64 832.85 12.29 22.84
525,0.403997 871.10 286.61 41.28 36.44 0.260588 88.86 776.23 20.63 51.55 0.209471 701.37 554.92 18.96 53.64 0.206410 91.76 784.37 14.14 35.10
526,0.809898 563.25 839.03 29.21 17.92
527,0.254704 608.64 685.03 9.79 50.21
528,0.317724 116.47 449.56 31.41 21.50
529, 
530,0.290232 902.02 551.34 11.99 51.30
531, 
532, 
533,0.395278 420.27 86.74 12.74 55.56
534,0.491190 737.08 68.87 22.93 60.16
535,0.493719 817.61 277.58 39.59 35.43
536,0.638707 282.12 770.19 35.66 47.75 0.237905 855.49 348.48 10.85 58.33
537, 
538, 
539,0.561551 536.09 697.02 33.63 20.63 0.302494 852.65 692.87 40.33 38.27 0.265336 853.53 708.91 22.02 21.02
540,0.566215 941.37 650.81 15.01 30.60 0.431402 636.46 495.39 77.10 12.43
541,0.693154 615.00 456.12 46.08 33.08 0.471046 48.16 135.58 21.40 46.39 0.466143 347.10 345.92 30.87 10.83 0.435342 948.82 764.43 43.29 56.86 0.220938 952.65 767.98 22.04 25.74
542,0.792406 250.75 789.58 9.70 52.55 0.668075 985.62 760.61 34.73 92.22
543, 
544,0.570466 599.25 174.46 40.49 48.73 0.321887 630.96 427.33 15.30 60.63
545,0.624596 967.40 118.85 10.40 42.60
546,0.578192 543.55 592.58 42.68 42.34
547,0.555437 34.36 790.41 21.65 19.32
548,0.716990 948.35 55.45 8.31 51.81
549,0.313249 207.09 506.95 16.01 39.05
550,0.315512 936.62 561.47 27.53 9.48 0.205619 290.34 501.40 18.82 21.58
551,0.850318 449.02 644.12 52.50 25.35 0.410826 693.56 865.57 148.21 23.07
552,0.682717 8.07 717.59 21.44 51.49
553,0.341689 871.24 967.38 10.66 35.19
554, 
555,0.455936 688.96 856.20 72.47 12.06
556,0.241253 962.04 768.27 10.75 67.25 0.217458 89.15 726.46 76.53 10.54
557,0.213006 728.80 250.21 15.52 29.96
558,0.695831 0.00 840.58 39.50 29.41
559,0.551038 913.92 533.23 49.56 11.36
560,0.727762 672.65 342.61 57.87 21.86
561,0.413789 738.01 659.17 26.42 57.62 0.355341 739.26 661.45 18.31 33.87
562,0.495639 426.51 560.23 24.44 28.22 0.490920 928.40 812.53 33.73 10.08
563,0.424166 633.82 175.09 9.22 53.86 0.349866 221.86 959.59 112.48 38.07
564, 
565,0.260729 945.93 319.29 13.96 24.04
566,0.738514 804.64 347.73 8.89 49.92 0.480181 973.84 964.92 36.75 33.32
567,0.644315 610.56 789.08 31.85 21.80 0.545081 157.88 965.23 33.01 16.00 0.470784 130.93 963.03 62.54 27.10 0.304926 657.26 748.94 15.54 54.45
568,0.584744 825.34 572.93 9.25 32.75
569,0.335921 285.22 831.68 51.10 8.73
570, 
571, 
572,0.475842 526.36 331.01 57.09 23.21
573,0.389278 145.46 698.01 15.76 43.63 0.364372 915.16 986.86 46.41 28.19
574, 
575, 
576,0.271169 987.01 70.51 36.47 34.84
577, 
578,0.455121 421.54 295.95 10.91 26.21 0.342493 358.79 479.33 44.67 35.12 0.326459 363.22 482.27 24.31 21.85
579,0.780236 919.03 3.78 48.31 8.08 0.724288 878.03 202.00 59.76 43.17
580, 
581,0.809339 961.60 830.50 30.99 73.95
582, 
583,0.572688 640.91 1002.63 22.66 16.37 0.446555 33.02 544.18 9.90 39.54
584, 
585,0.728109 206.95 930.22 45.07 25.11
586,0.520249 866.83 283.29 9.52 38.50 0.260937 777.50 1003.89 22.23 19.95 0.226234 791.27 854.46 36.51 46.32
587, 
588,0.769252 791.56 957.49 41.82 56.73 0.337699 189.58 77.30 27.07 18.31
589,0.459918 733.31 986.22 53.24 23.18
590, 
591,0.531150 430.70 436.63 30.94 14.66
592,0.603796 86.05 817.25 30.12 7.86 0.311648 535.97 646.38 29.10 45.68
593,0.588378 324.14 91.43 66.72 17.55 0.449687 735.38 205.50 21.19 78.70 0.376179 237.08 220.95 50.60 19.23
594,0.233329 178.76 759.36 10.66 34.14
595,0.797022 834.78 619.92 53.50 9.84 0.705872 406.84 14.81 40.94 42.09
596,0.735814 265.09 455.15 52.31 8.96 0.566668 295.16 529.88 57.64 31.23 0.405279 277.41 273.95 44.05 33.86
597,0.737029 496.54 191.31 39.59 31.23
598,0.296301 491.66 229.87 16.65 25.85
599,0.709399 414.40 625.25 10.45 28.22
600,0.317850 667.54 483.17 18.32 53.56
601,0.777089 91.92 657.62 61.33 42.41 0.578085 175.64 552.03 59.12 32.33 0.395840 202.88 552.31 31.64 18.57
602,0.519489 477.60 314.69 56.09 17.44
603,0.834883 385.17 961.55 57.16 31.09 0.801103 649.00 458.70 46.89 53.38 0.590758 516.93 805.10 57.52 36.70 0.575399 757.04 789.00 28.81 51.61 0.431738 267.37 376.63 10.69 43.92 0.380336 456.82 908.94 11.41 32.55
604,0.769476 916.36 4.87 37.02 78.77 0.607719 144.46 542.84 48.15 30.63
605, 
606, 
607,0.794426 484.80 133.74 50.89 29.60
608,0.457896 243.39 62.53 22.53 84.90 0.361502 777.26 685.14 19.01 62.48
609, 
610,0.361175 147.61 99.26 68.95 29.18
611,0.653722 147.64 62.62 24.99 47.61
612,0.625519 622.82 872.00 31.51 16.20
613, 
614, 
615,0.696078 461.39 773.79 54.79 35.23 0.320749 634.48 117.54 8.59 49.57
616,0.705640 760.37 985.00 46.57 32.47 0.582038 808.39 693.14 57.05 19.29 0.454519 624.22 389.39 12.00 34.73
617,0.481050 778.25 708.69 15.93 53.36 0.435856 116.85 294.35 47.26 38.15 0.246286 981.01 399.31 10.44 33.10
618,0.339342 569.66 49.90 16.41 33.67
619,0.259826 836.61 716.83 21.73 57.13
620, 
621,0.549418 605.17 217.20 57.93 9.99
622, 
623,0.237789 513.28 356.64 10.86 25.59
624,0.817255 354.78 558.40 34.38 62.56
625, 
626,0.439148 908.48 911.25 19.77 21.66
627,0.517177 884.34 995.93 55.65 25.63 0.289650 786.14 597.04 14.52 33.58
628,0.747759 265.91 10.93 48.72 94.19 0.421443 254.22 683.58 29.61 24.16
629, 
630,0.463247 187.99 443.57 48.38 25.18 0.429240 712.31 303.57 38.49 31.21 0.399877 2.25 216.86 34.21 40.45
631,0.616571 414.53 863.01 29.90 43.04
632, 
633,0.620101 395.26 92.54 65.23 16.36 0.566609 537.18 595.27 49.71 18.06 0.223667 726.94 106.35 13.36 37.17
634,0.733242 352.09 254.84 61.81 21.51 0.494541 134.64 656.83 42.23 45.65 0.452410 64.26 164.02 46.19 25.48 0.202497 352.50 256.31 39.94 15.07
635,0.679838 391.84 594.06 33.21 34.43 0.440057 668.66 477.41 27.89 14.87
636,0.614317 262.62 643.09 48.09 27.23
637,0.567673 94.55 555.30 33.88 50.90
638,0.553837 583.46 540.12 22.43 41.81 0.499546 331.94 571.36 27.52 12.26 0.253763 15.57 99.83 38.54 31.22
639, 
640,0.463214 577.05 916.15 14.99 44.46
641, 
642, 
643, 
644,0.493165 775.96 836.80 22.86 17.79 0.407223 644.37 233.02 37.86 36.67
645,0.569511 454.19 255.82 15.38 54.66
646,0.383937 561.15 540.55 10.51 50.92
647,0.431595 455.60 635.67 31.06 31.95
648,0.822007 58.28 334.41 89.87 30.13
649,0.801097 300.62 20.22 23.40 80.00 0.684569 376.52 506.89 22.16 18.27
650,0.842474 99.48 908.31 77.51 24.41 0.672704 899.96 395.54 26.70 71.20
651,0.503444 84.98 808.60 45.26 37.64 0.456276 812.03 164.92 28.63 52.11 0.318527 301.06 214.80 48.05 34.12 0.285457 313.72 225.47 29.44 21.34 0.201920 313.87 224.67 51.34 33.78
652,0.412618 813.84 65.29 33.98 40.97 0.204765 815.74 66.42 23.57 25.07
653,0.531547 289.45 934.06 22.73 16.06
654,0.354378 796.12 670.10 20.29 22.69 0.299885 784.85 668.58 31.42 43.04
655, 
656,0.539356 233.15 445.89 40.62 16.81
657,0.698410 557.09 831.41 19.32 23.35 0.536475 194.79 113.86 48.69 34.43
658, 
659,0.749084 873.17 528.24 29.28 57.15 0.594783 796.38 900.10 30.18 43.39 0.234206 649.83 265.35 77.28 10.79
660,0.303874 295.76 373.71 39.26 57.63
661, 
662,0.660795 838.68 38.44 60.56 53.90
663, 
664,0.751414 941.67 306.88 49.65 36.74 0.281327 128.24 847.12 13.60 49.21
665, 
666,0.766238 905.33 606.33 62.74 24.73
667, 
668, 
669,0.568031 52.68 835.86 34.17 52.02 0.225055 42.57 920.49 17.11 61.69
670,0.576626 173.31 941.01 39.61 36.78
671,0.623135 589.20 658.12 42.76 29.08
672,0.733433 346.22 855.47 41.00 13.75
673,0.570544 64.46 157.51 15.05 42.40 0.539773 158.12 477.94 21.87 64.32 0.526925 729.04 11.06 26.35 21.31 0.385059 157.58 385.21 27.02 38.85 0.329546 775.12 86.04 31.00 45.49 0.303710 721.09 6.22 39.43 30.20 0.252031 166.60 504.41 14.46 36.59
674,0.683373 391.15 935.16 25.31 72.02
675, 
676,0.650778 739.31 433.00 27.09 50.92 0.557897 509.43 144.92 48.59 27.41 0.437713 510.54 146.47 30.47 18.44
677,0.802635 740.89 50.69 68.11 37.41 0.668696 379.25 249.25 29.42 32.51 0.599207 282.99 207.64 51.59 36.35
678,0.532636 934.23 976.75 82.11 27.88 0.208969 218.13 905.38 10.53 32.73
679,0.744496 697.03 18.38 30.51 44.65 0.631883 340.98 920.50 68.25 34.97 0.584727 506.56 875.27 18.57 49.21 0.573136 153.98 565.13 55.45 52.68 0.476388 306.53 456.99 24.62 28.36
680,0.345822 890.84 810.56 19.43 19.61 0.345450 867.95 784.72 36.45 43.14
681, 
682, 
683,0.695983 676.48 808.96 36.73 48.10 0.585348 997.03 351.52 14.09 58.34
684, 
685, 
686,0.597725 409.53 930.76 15.70 21.07
687,0.356469 783.61 30.24 64.07 43.00
688,0.505688 977.11 295.77 44.65 32.89 0.473716 841.78 731.29 18.02 25.73 0.396156 647.09 413.51 13.25 48.84
689, 
690,0.657049 877.48 807.64 19.25 28.55
691, 
692,0.593094 672.71 503.95 11.87 82.12 0.583391 916.86 808.86 8.70 45.50 0.210892 92.17 465.23 13.01 35.79
693,0.815256 146.66 25.27 45.93 34.70 0.319741 300.21 632.83 29.89 21.11 0.302428 163.07 100.78 61.34 63.44
694,0.354840 256.86 836.22 11.50 47.97
695,0.325717 687.12 663.06 11.89 46.55
696, 
697, 
698, 
699, 
700,0.625927 681.20 873.15 22.72 19.09 0.584432 892.60 853.49 22.07 70.31
701,0.344540 263.15 815.27 53.45 23.14 0.341681 603.28 371.42 30.87 33.95 0.203402 883.95 540.22 21.65 20.83
702, 
703,0.248666 0.00 588.41 22.97 11.64
704,0.580017 826.20 789.90 20.83 37.96 0.459554 541.42 681.83 8.30 54.42
705, 
706, 
707,0.292673 141.97 771.36 11.40 68.79
708, 
709,0.605804 790.29 573.29 27.39 64.51 0.397414 715.09 0.00 16.95 57.70
710,0.559542 7.24 598.65 40.48 42.19 0.359872 1000.56 784.72 17.79 65.61
711, 
712,0.820650 308.11 481.07 68.43 29.68 0.570413 299.24 170.51 10.00 53.62 0.407529 697.61 876.85 47.89 18.42
713,0.703230 7.05 373.92 31.72 8.57 0.574142 415.74 556.06 42.67 37.28
714,0.720597 945.29 917.54 47.21 63.00 0.559614 816.78 622.53 13.82 25.83 0.515371 552.61 79.02 22.06 15.38 0.410403 92.97 753.09 11.81 28.07 0.398515 384.54 753.96 33.60 11.41 0.335758 380.99 753.19 55.16 17.05
715,0.623079 238.50 394.82 11.04 33.17 0.218822 238.02 380.88 13.90 56.87
716,0.507519 386.16 519.85 30.72 11.05
717, 
718,0.710384 639.04 713.10 77.09 16.39
719,0.567480 114.95 979.23 53.03 22.31 0.459243 924.49 343.37 45.33 27.19 0.293657 926.49 0.00 29.00 33.75 0.212837 928.16 0.00 16.61 23.21
720,0.561576 190.83 303.46 65.90 18.48
721,0.574877 621.46 215.52 8.93 39.15
722,0.709152 835.73 993.59 21.07 28.66 0.287912 671.55 63.82 54.91 20.79
723,0.571030 22.17 858.16 115.90 12.46 0.466690 474.08 938.34 29.84 13.97 0.244834 470.63 935.09 45.07 20.52
724,0.637627 916.06 1001.61 25.60 10.18
725,0.838665 866.14 717.57 73.55 38.99
726, 
727,0.610270 881.57 843.59 24.07 26.70 0.226402 462.41 883.48 11.67 33.13
728,0.698355 45.28 85.24 15.25 53.82 0.530094 69.86 451.40 41.47 19.16
729, 
730,0.701265 0.52 962.29 44.68 15.55 0.557118 1003.15 613.98 18.31 19.86 0.261641 715.23 211.09 18.32 42.18
731,0.681555 471.36 245.21 21.85 22.64 0.606215 15.19 502.60 56.10 43.56 0.475250 70.95 915.17 20.00 39.79 0.288548 934.88 522.96 37.89 8.27 0.287080 467.05 241.98 44.00 40.20
732,0.662290 37.50 725.00 29.99 60.41
733,0.561909 291.73 653.30 51.93 72.26
734,0.791222 818.16 617.33 44.17 12.31 0.459754 502.61 367.23 32.14 45.02 0.366681 514.90 386.22 19.43 25.66
735,0.684268 860.82 578.81 32.09 37.29 0.636618 114.38 581.44 23.08 55.05 0.536187 54.38 566.92 28.78 13.75 0.351815 37.06 560.33 49.83 22.11
736,0.613440 449.76 729.89 32.90 16.77
737, 
738,0.802919 897.13 377.87 52.14 32.73 0.798024 365.01 495.40 45.89 37.20
739,0.609568 35.99 969.01 10.89 32.89 0.246552 680.72 46.36 47.57 13.79
740,0.478146 21.11 1.25 27.15 49.78
741, 
742,0.408333 823.21 355.17 47.92 52.49
743,0.415461 697.74 388.30 28.17 46.08 0.237417 705.53 404.58 17.42 25.51
744,0.742420 410.79 783.14 44.36 74.43
745, 
746,0.403799 330.36 780.46 55.57 8.70 0.286430 651.43 770.32 19.05 26.09 0.237992 641.09 767.66 29.85 44.44
747, 
748,0.787767 265.95 898.25 16.81 20.29 0.588524 244.83 267.40 24.74 74.81
749,0.247451 428.75 363.04 84.90 46.89
750,0.746398 119.70 585.40 44.66 47.14
751,0.464801 271.72 788.16 78.64 47.67 0.433026 927.00 444.69 27.34 20.54
752,0.513754 418.09 256.56 37.17 53.09
753,0.417905 4.76 109.34 36.15 41.78 0.234334 70.95 629.14 15.32 32.72 0.230075 69.98 625.38 27.49 48.89
754,0.821334 462.36 847.94 106.59 83.69 0.426491 842.37 1000.53 64.76 19.07
755,0.395330 22.44 212.04 21.38 57.16
756,0.380181 780.62 409.37 56.89 14.92 0.215028 318.68 223.80 19.30 30.61 0.212374 313.14 220.71 29.27 41.02
757, 
758, 
759, 
760, 
761,0.497579 990.57 384.23 9.49 49.18
762, 
763,0.755173 270.45 856.92 27.44 45.23
764,0.523094 361.43 687.48 50.48 11.38 0.429853 776.86 249.20 46.93 24.65
765,0.796015 366.43 857.31 36.11 41.78 0.261076 903.17 270.59 13.34 25.95
766, 
767,0.385532 942.08 954.13 30.36 59.76 0.307395 946.26 980.62 17.72 26.71 0.255198 1004.54 963.53 12.06 34.27
768,0.240023 613.55 858.98 74.76 20.61
769, 
770,0.367185 48.28 202.71 18.89 22.88 0.247766 41.70 186.60 27.76 42.80
771,0.311395 469.91 56.16 65.22 27.36
772,0.410726 215.62 688.79 26.97 40.16
773,0.484355 115.54 511.20 21.10 44.33
774, 
775,0.885781 733.02 639.95 54.49 32.49 0.408495 139.67 648.57 19.38 27.32
776, 
777,0.819765 813.74 474.09 38.62 45.22 0.780718 308.53 451.23 33.70 35.92 0.725522 246.42 52.76 53.03 31.99 0.295864 945.19 486.79 32.14 47.31
778, 
779, 
780,0.416561 234.66 746.34 42.93 33.13
781,0.544669 814.30 37.26 8.99 47.80 0.218475 815.01 23.51 11.26 68.30
782,0.798625 6.13 178.34 31.25 49.64 0.569752 112.00 6.52 40.51 39.11
783,0.650427 589.69 934.13 49.53 15.15 0.477207 972.41 389.17 35.34 75.64
784, 
785, 
786, 
787,0.502361 48.51 937.23 53.89 34.04
788,0.825263 663.76 779.83 27.29 53.93 0.789413 463.99 552.06 17.23 25.85
789, 
790, 
791, 
792, 
793,0.568327 281.20 867.64 43.47 37.94 0.215142 296.02 880.56 25.64 21.27
794,0.622209 589.47 752.78 57.08 66.84
795,0.409105 955.26 488.37 26.09 15.07
796,0.572070 443.40 168.46 39.52 11.96 0.373703 351.59 875.96 63.38 30.10
797,0.419124 588.80 347.72 23.42 25.09 0.296030 186.52 2.86 58.47 9.52 0.262831 813.20 470.23 33.05 12.71 0.256333 794.71 468.75 54.30 17.68
798,0.663521 464.21 426.20 108.35 38.62 0.455339 845.24 753.76 38.08 38.08 0.318027 856.83 756.22 25.07 23.60
799, 
800,0.749966 854.21 145.85 36.40 13.75
801,0.502961 138.39 546.18 14.29 59.84 0.480052 387.42 52.27 19.58 37.69
802,0.690640 515.15 6.16 40.13 46.94
803,0.717283 640.90 335.69 21.34 56.04
804,0.401699 328.58 660.62 49.56 37.56 0.273611 326.36 658.12 72.23 58.50
805,0.800492 972.41 506.14 32.12 56.13 0.683287 535.10 591.72 10.45 45.25
806,0.583755 475.09 729.10 32.06 40.64
807,0.526018 148.82 191.33 14.37 31.94 0.241410 146.40 184.57 21.00 51.46
808,0.351753 745.69 245.66 13.35 24.00
809, 
810,0.649045 868.23 759.45 50.97 43.96 0.464073 222.81 414.76 76.13 21.21 0.406123 177.12 445.20 22.44 46.03
811, 
812,0.696701 352.33 482.94 10.58 80.68 0.450327 393.78 72.70 42.30 33.70 0.254355 684.21 269.73 33.67 40.51
813, 
814,0.709797 843.29 840.87 43.17 40.14
815,0.392544 37.88 721.99 21.87 57.17
816, 
817,0.408625 119.82 878.14 42.77 33.93 0.371818 255.40 3.18 39.63 14.40
818, 
819,0.754099 966.73 509.79 10.04 53.98
820,0.547189 636.06 946.54 17.21 44.30 0.422610 509.26 530.03 23.58 10.68 0.357503 372.35 549.39 46.11 37.97 0.354326 302.48 351.90 19.08 28.33 0.336623 378.87 536.51 49.40 46.60
821,0.575521 136.90 841.62 58.11 15.64
822,0.552245 624.99 396.91 20.17 29.52
823,0.853197 755.25 263.18 37.61 46.42 0.751225 899.30 392.83 39.47 17.27 0.731263 653.52 603.48 54.87 19.34
824, 
825,0.515040 770.02 462.98 27.81 54.96 0.311480 244.37 12.33 17.51 73.16
826, 
827, 
828, 
829,0.583044 676.16 778.71 51.20 16.57 0.407521 159.38 263.70 33.84 10.26 0.331545 686.84 17.17 35.62 44.24 0.251795 154.86 261.55 59.99 13.79
830, 
831,0.747252 625.65 91.30 54.64 29.99 0.228012 800.73 324.20 12.29 56.53
832, 
833,0.752665 937.40 209.87 8.40 51.74
834,0.440501 680.36 27.12 8.99 27.80
835,0.490653 525.64 405.00 26.87 48.15
836,0.607779 59.61 596.59 45.41 31.47 0.468141 449.04 690.69 47.26 19.38 0.312583 70.20 604.11 28.68 20.47
837,0.249358 960.76 37.80 58.43 20.61
838,0.329999 578.72 824.88 45.18 24.09
839,0.369795 859.53 720.25 20.79 25.97 0.248474 853.79 714.98 36.73 51.08
840, 
841,0.343991 605.02 858.43 34.63 8.48
842,0.550081 884.34 735.39 29.16 43.08 0.270576 894.50 752.02 19.55 25.49
843,0.688999 129.96 870.37 37.77 56.81
844, 
845, 
846,0.525706 466.08 987.69 37.11 12.33
847, 
848, 
849, 
850, 
851,0.600190 904.28 380.99 44.79 39.56 0.564195 23.14 141.25 21.12 87.94 0.546587 304.97 924.83 35.85 32.04 0.408941 241.89 324.24 65.56 52.77
852,0.283222 962.86 696.79 10.21 39.74
853,0.747644 525.03 853.04 20.51 22.00 0.640715 649.32 812.09 27.71 10.56 0.327638 814.87 942.21 25.49 55.78
854,0.505912 836.80 255.05 28.86 66.95
855,0.861462 189.26 800.95 58.14 31.92
856, 
857,0.270865 392.10 494.52 26.52 40.58 0.231844 396.76 506.05 17.61 24.59
858,0.518583 291.47 657.64 34.98 40.33 0.294314 476.44 620.53 32.08 10.72 0.288943 300.01 663.40 21.76 24.41
859,0.711741 834.18 537.80 16.58 28.39 0.521374 79.42 699.80 32.38 52.92
860,0.721391 125.62 663.40 47.00 32.64 0.499491 709.47 599.94 41.00 39.41 0.450933 381.49 243.86 41.43 34.72 0.332908 395.21 245.25 26.09 20.74 0.307292 937.24 204.72 63.02 19.97
861, 
862, 
863,0.724189 674.80 277.72 49.31 23.34
864, 
865,0.743385 185.02 487.16 36.02 64.24 0.654461 511.90 566.84 50.97 24.15
866, 
867,0.700286 12.81 53.09 53.41 33.81 0.659966 688.55 324.01 58.23 37.04 0.274932 646.19 962.92 39.61 23.36
868, 
869,0.675440 546.06 956.63 41.32 62.85
870, 
871,0.335417 515.54 903.07 37.22 29.72 0.327928 184.16 659.90 80.16 19.15 0.228163 187.86 661.22 52.12 13.42
872, 
873,0.439429 236.13 488.73 58.02 33.12
874,0.597232 514.91 207.42 60.98 10.51
875,0.709293 419.53 5.29 22.59 16.59 0.316427 1000.20 376.42 10.49 48.79 0.276152 49.23 213.90 55.50 8.74
876,0.803606 475.38 431.19 64.60 29.74
877,0.622429 329.14 194.15 64.41 69.58
878,0.773627 96.79 259.81 121.50 20.00 0.734347 109.88 797.18 31.33 38.09
879,0.405107 801.73 384.20 33.36 35.65
880, 
881,0.562710 645.93 586.33 32.33 58.69 0.405031 52.13 959.33 32.03 12.45 0.329457 367.35 786.78 29.94 47.64
882,0.806057 973.57 65.82 31.36 63.58
883,0.214037 208.61 546.05 12.39 41.10
884,0.635939 753.28 671.08 10.25 56.76 0.295058 478.98 259.04 13.85 58.44
885,0.758163 248.42 747.48 11.94 42.43
886,0.267489 823.64 782.96 36.19 28.73 0.213552 833.46 784.89 25.20 19.22
887, 
888,0.596250 0.00 963.78 36.60 19.15
889,0.222520 99.57 479.09 12.95 62.81 0.215236 696.90 517.77 49.92 37.52
890,0.498178 70.70 916.47 8.32 28.64
891,0.588069 805.21 173.96 11.50 51.06
892,0.670667 156.69 996.52 52.54 24.40
893,0.374634 510.70 588.45 14.03 64.48
894, 
895,0.460961 280.44 934.39 11.46 34.25 0.310827 280.70 916.15 15.97 56.55 0.252052 581.12 107.86 7.99 41.07
896, 
897,0.643214 645.73 731.43 68.72 24.42 0.233655 190.10 751.20 15.49 63.57
898,0.681503 350.44 961.23 36.52 40.43 0.585825 85.75 686.84 49.67 22.01
899,0.755568 760.86 308.96 39.02 38.89
900, 
901,0.404688 213.23 808.57 9.01 61.27
902,0.699857 938.06 45.52 12.37 36.50 0.201656 910.32 33.20 18.77 36.26
903,0.564936 727.52 465.84 17.31 33.17 0.531347 726.91 449.51 23.27 51.91
904,0.745651 250.79 978.30 17.02 24.58
905,0.873591 930.42 105.23 67.63 40.10 0.339911 809.98 867.60 12.93 45.22
906, 
907,0.301545 455.02 694.84 8.29 41.12
908,0.772244 862.19 229.91 40.48 14.67 0.200545 1005.56 770.37 15.26 36.01
909,0.571653 67.38 163.86 13.07 28.47 0.565966 521.45 511.18 46.07 30.75 0.526184 230.68 761.96 57.85 46.06 0.418638 42.33 1006.99 27.29 16.06
910,0.504383 43.13 820.26 9.99 34.03
911, 
912,0.266999 491.86 965.00 15.87 25.76
913, 
914,0.475604 491.56 916.66 21.54 36.21
915,0.482380 94.90 227.35 26.25 42.06 0.221589 517.10 652.36 47.72 28.02
916,0.516965 736.67 764.80 38.31 13.93
917, 
918, 
919, 
920,0.547852 209.56 959.75 22.79 27.10 0.218425 202.98 956.88 31.23 41.33
921,0.258201 130.69 699.71 10.89 48.19
922,0.749067 840.55 15.96 82.61 53.58 0.306832 304.22 887.71 49.73 16.14
923,0.409483 0.00 799.95 22.87 11.56
924,0.773790 229.99 487.51 29.33 43.19
925, 
926,0.730552 483.86 642.69 12.72 30.15 0.345995 26.18 241.18 15.09 30.91 0.326093 14.15 216.18 23.50 57.34 0.290695 669.59 100.75 11.85 39.85
927,0.466964 815.25 764.50 58.67 17.33
928,0.599177 20.67 475.07 29.58 14.59
929,0.376329 450.67 35.26 25.06 61.37
930, 
931,0.396781 38.88 659.67 52.96 18.23 0.305965 507.80 982.22 74.14 17.36
932, 
933,0.411741 451.80 43.04 43.65 50.97 0.298625 621.77 320.18 14.55 57.30 0.294792 81.84 41.86 37.70 12.74
934,0.779481 987.36 476.34 31.91 14.75
935,0.607420 166.37 761.01 24.49 19.00
936, 
937, 
938, 
939,0.400122 923.87 231.12 35.31 20.08
940,0.746843 955.40 230.22 40.71 9.10
941, 
942, 
943,0.444820 128.44 592.69 49.06 8.71
944, 
945, 
946,0.782992 447.24 864.51 89.49 35.21 0.556809 248.70 923.45 13.62 23.95 0.328150 433.97 812.64 42.32 36.02
947, 
948, 
949,0.685445 44.17 608.96 35.60 37.81
950, 
951,0.322873 784.38 623.42 52.26 8.91
952, 
953, 
954,0.700355 316.40 981.22 45.62 38.07 0.565313 86.18 838.95 50.05 17.08 0.469043 533.16 862.57 31.34 49.87 0.459941 477.55 461.27 37.68 34.86
955, 
956, 
957, 
958, 
959, 
960, 
961,0.648636 179.87 397.77 53.39 39.10 0.495377 229.16 472.75 19.35 28.04
962,0.344034 250.70 991.97 19.28 31.64
963,0.659937 809.88 257.94 50.92 27.13
964, 
965,0.613250 426.92 126.23 45.08 53.12
966, 
967,0.568635 570.87 958.06 51.33 21.18
968,0.482045 337.42 35.86 57.70 21.15 0.253463 557.09 971.35 10.48 50.32
969,0.637069 186.69 859.26 37.25 30.69 0.416745 573.44 971.36 51.70 8.96
970, 
971,0.226668 266.59 76.59 35.35 48.04
972, 
973,0.833251 828.01 819.14 56.11 38.20
974,0.687200 751.51 281.35 30.83 10.60 0.280150 265.91 121.45 27.35 45.33 0.202945 755.89 281.62 50.57 10.09
975,0.769268 2.50 596.98 38.98 32.59 0.703174 871.63 912.41 24.72 24.08 0.364082 966.70 715.87 19.48 59.82
976,0.325849 118.74 482.37 11.19 45.18 0.295906 619.21 907.52 14.05 68.23
977,0.588792 265.35 533.84 28.69 49.30
978,0.632404 104.94 2.20 29.92 37.64 0.611844 281.07 554.55 54.72 31.68 0.293092 879.73 590.29 69.15 28.58 0.275174 286.19 566.00 28.28 18.82
979, 
980,0.788725 265.94 717.58 55.52 27.99
981,0.794153 540.74 955.03 25.15 54.10 0.487232 592.96 440.66 45.41 49.92 0.207086 606.97 180.81 25.20 50.43
982, 
983, 
984,0.654794 15.70 402.88 17.05 61.18
985,0.692903 506.38 387.78 39.33 43.46
986,0.423548 492.86 574.91 67.56 14.73
987, 
988,0.744379 311.77 868.90 18.07 23.85 0.628132 25.57 430.38 21.54 50.39 0.421484 111.62 426.22 9.47 33.33
989,0.394595 982.04 211.89 24.28 18.19
990,0.747661 284.80 932.72 34.44 80.19
991, 
992,0.676576 523.09 63.77 24.66 47.42
993, 
994,0.578065 914.79 810.89 18.37 25.10 0.570518 120.72 903.78 34.57 43.18
995,0.393889 416.30 645.26 43.55 88.42 0.317750 434.61 423.14 10.49 40.38
996, 
997, 
998,0.794923 775.96 299.04 24.60 17.86
999,0.559959 3.77 585.63 30.86 38.92 0.391366 565.48 572.78 12.98 22.52
1000,0.227338 1008.89 582.88 8.93 39.36
1001,0.411227 913.59 138.02 66.66 28.14
1002, 
1003, 
1004, 
1005, 
1006,0.801879 256.66 819.41 56.34 39.63
1007, 
1008,0.288108 884.54 734.20 9.34 34.27
1009, 
1010, 
1011,0.707303 190.22 375.65 38.87 44.76
1012,0.363800 108.23 797.02 49.90 77.70
1013,0.657827 828.39 395.50 67.02 36.09 0.486205 487.34 345.88 25.07 59.25
1014, 
1015,0.709160 610.34 402.46 9.06 62.37
1016,0.723488 421.19 664.83 32.83 61.60
1017,0.646809 455.87 327.29 22.67 17.45 0.297635 73.13 385.28 29.20 52.24
1018,0.571050 464.12 613.98 26.77 49.60 0.325417 712.66 565.84 40.66 31.85 0.270464 647.42 110.66 8.85 51.90 0.243349 644.02 110.62 9.03 51.28
1019, 
1020,0.763968 639.65 506.85 9.85 46.57 0.691585 651.46 942.51 54.26 14.93
1021,0.616797 805.59 393.98 23.51 32.05
1022,0.562991 740.41 848.55 33.26 45.98 0.455483 62.92 539.40 39.29 15.13
1023,0.418386 94.16 78.70 11.77 41.74
1024,0.342279 542.28 926.02 14.65 59.78
1025, 
1026, 
1027, 
1028,0.351282 261.71 846.79 33.32 57.72 0.303710 499.16 40.10 11.82 45.00
1029,0.381445 371.89 607.08 18.89 40.65
1030, 
1031,0.658013 586.59 799.90 95.93 29.73 0.477487 673.24 358.20 19.67 60.17
1032, 
1033,0.221616 0.00 281.81 24.72 21.08
1034,0.725303 241.14 829.81 52.47 28.57
1035,0.636393 565.16 407.79 12.59 42.69 0.500792 365.76 166.37 8.21 39.38
1036,0.681482 169.53 988.71 41.94 33.23 0.335181 737.00 442.23 34.89 8.36
1037, 
1038,0.439273 148.77 9.16 21.20 21.05 0.269335 142.37 4.02 34.57 32.32
1039, 
1040,0.446034 854.16 105.84 29.08 117.07
1041, 
1042,0.761855 832.60 878.77 37.23 17.66 0.540862 676.70 86.94 30.60 42.62 0.349775 443.77 214.02 19.28 25.37
1043, 
1044, 
1045,0.381250 479.62 826.53 14.46 60.71
1046, 
1047,0.564221 900.39 965.84 34.07 9.33 0.502064 268.07 368.42 15.51 28.51 0.324714 941.22 114.11 29.19 25.42
1048, 
1049,0.738104 805.47 265.86 33.65 53.55
1050,0.212414 0.00 634.81 13.45 90.38
1051,0.639214 498.89 650.17 29.43 10.75
1052,0.628764 485.76 599.22 45.60 80.16 0.477338 375.41 722.17 30.50 20.12 0.291535 629.46 788.44 33.07 9.13
1053, 
1054,0.575480 437.68 201.13 23.30 48.56 0.490424 124.45 420.36 53.32 36.59
1055, 
1056,0.651533 936.89 808.26 26.94 66.08 0.544376 857.05 240.55 38.59 80.25 0.461969 6.85 939.60 51.53 34.20
1057,0.725304 741.88 149.95 12.34 30.26 0.524945 593.97 828.05 43.54 28.51 0.312599 600.08 833.46 27.61 19.81
1058, 
1059,0.425452 566.32 741.16 39.02 57.28
1060,0.705713 281.07 358.97 17.67 64.03
1061,0.859935 669.68 15.18 111.23 56.07
1062,0.237663 361.09 606.76 31.65 13.90
1063,0.365675 320.43 415.46 31.77 82.74
1064, 
1065,0.362245 497.56 945.26 15.50 38.34
1066,0.787942 505.50 249.84 49.07 12.98 0.525406 70.02 875.77 17.71 50.75
1067,0.547975 84.28 947.38 15.86 40.04
1068,0.878225 867.49 466.89 24.77 56.53 0.431240 835.76 61.60 14.37 33.54 0.303723 833.63 54.43 19.79 49.18
1069, 
1070,0.471031 225.76 894.74 36.83 37.69
1071, 
1072,0.660389 946.21 449.01 26.49 41.89 0.363159 821.26 214.04 9.10 60.33
1073,0.701209 24.90 684.34 95.10 71.47 0.680617 614.36 464.51 35.25 17.48 0.230903 21.23 716.53 46.34 38.09
1074, 
1075,0.735763 98.62 409.01 54.38 50.48 0.590469 364.21 517.37 12.91 54.12 0.320792 243.17 642.46 23.10 26.86
1076,0.694761 180.79 618.44 70.85 11.82 0.543491 989.76 130.27 13.09 46.80
1077,0.726098 81.83 324.95 65.87 36.79 0.616824 426.16 610.67 33.23 60.06
1078,0.523103 96.76 889.11 36.73 74.54
1079,0.802250 16.42 678.49 42.81 31.56 0.454946 535.15 28.99 29.12 15.50 0.426281 965.03 475.96 23.43 56.38
1080, 
1081, 
1082,0.286871 259.85 291.45 9.53 42.29
1083,0.594000 132.45 129.26 38.27 42.19
1084, 
1085,0.503610 734.64 854.56 53.06 34.84
1086, 
1087,0.349745 798.13 901.43 29.51 20.70
1088, 
1089,0.684096 992.28 520.82 28.60 22.10 0.326080 518.54 833.13 16.18 55.50
1090, 
1091, 
1092, 
1093,0.448955 266.25 421.86 54.43 48.78 0.430401 746.32 476.97 35.72 37.31 0.362318 755.85 479.58 23.77 25.26
1094, 
1095, 
1096,0.360246 568.65 260.54 51.26 35.42 0.264711 574.41 263.54 29.01 21.84
1097,0.836564 761.37 834.82 49.92 8.40 0.730176 928.23 350.37 65.39 36.03 0.642421 15.53 873.60 53.53 58.78 0.329471 224.81 201.72 60.05 16.07 0.326955 85.46 102.37 48.84 13.54
1098,0.389810 338.49 462.73 12.51 65.36
1099, 
1100,0.564061 843.80 441.28 39.99 12.32
1101, 
1102, 
1103,0.668408 0.00 23.92 52.81 36.56
1104,0.362455 115.66 392.69 24.08 20.25 0.217324 112.71 390.01 35.38 32.19
1105, 
1106,0.520264 143.17 358.97 64.86 14.49
1107,0.826700 647.67 655.35 67.38 80.26
1108, 
1109,0.537600 512.02 335.69 51.88 56.66
1110,0.549632 751.01 660.01 35.77 13.93 0.310513 750.04 658.49 55.16 19.83
1111,0.816389 969.44 598.12 22.21 68.58
1112, 
1113,0.502500 190.59 139.67 33.24 45.50 0.375574 193.09 154.36 19.67 25.25
1114,0.590755 767.36 799.89 31.69 32.34
1115,0.553795 349.10 296.29 23.74 54.54
1116,0.333620 253.55 772.71 40.14 67.63
1117,0.386360 625.34 251.00 39.77 11.14 0.346586 984.51 734.95 14.11 59.06
1118, 
1119,0.657605 257.30 800.32 43.73 36.07
1120, 
1121, 
1122, 
1123,0.503760 61.53 111.20 20.09 27.46 0.314925 53.55 97.41 28.64 42.52
1124,0.595864 86.18 769.53 47.07 48.69
1125, 
1126,0.747372 847.79 462.71 71.42 23.56
1127,0.722976 726.57 635.19 46.58 102.90 0.206305 151.76 527.96 22.50 24.08
1128, 
1129, 
1130,0.290662 187.52 365.29 24.29 25.30
1131,0.687460 539.09 487.22 21.73 56.72 0.570402 3.96 408.88 25.88 45.02
1132,0.499139 874.31 455.03 38.28 40.20 0.211971 880.49 460.07 26.72 27.91
1133,0.630034 357.47 608.32 24.30 49.41 0.600172 9.51 990.10 56.12 23.16 0.499118 28.06 987.24 46.41 12.15 0.412672 164.40 528.06 37.58 34.54 0.203766 171.67 534.29 26.24 23.00 0.202105 362.17 620.82 18.14 31.51
1134,0.598800 67.86 640.80 34.97 48.01 0.534240 321.03 423.05 27.70 62.81
1135, 
1136,0.377615 40.64 187.22 12.33 30.94
1137, 
1138, 
1139,0.606811 610.87 970.34 48.14 21.30 0.448985 143.15 380.82 24.54 53.65 0.398978 396.97 573.50 37.51 21.51
1140,0.240397 253.41 396.51 18.90 54.31
1141,0.797675 606.83 914.48 83.73 14.03 0.672358 519.46 742.14 55.22 27.23
1142, 
1143,0.760560 227.89 502.23 46.08 25.77 0.645722 588.10 825.71 39.02 33.91
1144,0.270249 843.69 181.03 29.68 19.25 0.257834 838.25 180.46 52.96 30.28
1145,0.473641 285.00 73.55 14.69 23.58
1146,0.535148 2.46 997.18 14.49 23.95
1147, 
1148, 
1149,0.435232 917.95 102.82 16.11 33.89 0.216180 688.17 223.33 28.91 45.85
1150,0.575679 342.27 283.01 20.47 58.07 0.417472 36.49 1008.39 26.88 12.41 0.330926 861.10 492.28 59.09 15.64
1151, 
1152,0.655426 81.18 943.54 22.80 26.47
1153, 
1154,0.298226 846.54 971.00 9.01 51.40
1155,0.463743 696.22 959.17 60.44 18.39
1156, 
1157, 
1158,0.616214 706.09 376.35 27.51 27.46 0.396729 642.00 318.98 20.98 50.54
1159,0.610931 139.60 647.96 41.35 17.69 0.202671 153.99 609.04 12.62 31.64
1160, 
1161,0.560128 781.67 814.58 24.08 45.62
1162, 
1163,0.230231 825.06 195.66 12.03 26.77
1164, 
1165,0.269400 913.66 732.63 9.45 49.85
1166,0.465224 395.81 4.55 42.64 12.02
1167, 
1168,0.488297 765.18 526.50 36.15 36.57
1169,0.456395 662.50 153.96 30.47 18.24 0.402080 532.18 322.78 55.55 22.42
1170,0.598073 883.88 335.36 11.01 50.66 0.305088 340.02 493.67 63.90 21.11
1171,0.814473 367.78 496.41 41.66 39.85 0.577827 566.65 843.61 50.69 27.97 0.316136 583.32 851.01 30.11 18.49
1172,0.225721 59.23 916.79 54.59 23.07
1173,0.477426 348.50 486.14 20.04 25.87 0.363156 339.59 475.93 29.79 39.15 0.337828 699.17 22.19 23.24 47.01 0.326939 218.69 754.23 18.05 33.68
1174,0.456844 292.61 26.28 38.94 40.01 0.434894 304.33 39.50 26.11 25.67
1175,0.303615 339.49 356.59 10.05 61.91 0.271757 280.04 945.95 9.99 55.22 0.261753 896.28 289.06 12.97 51.64
1176,0.362380 398.38 88.44 33.44 35.88
1177,0.584278 83.49 710.99 29.65 12.80 0.310004 487.31 612.08 25.15 60.20 0.219420 77.52 708.02 51.50 17.26
1178,0.626008 650.77 411.35 11.48 47.07 0.274394 28.01 779.91 47.76 25.72
1179,0.699998 266.73 107.00 16.62 33.77
1180,0.241123 986.30 517.01 34.83 36.85
1181,0.834309 7.19 363.39 43.85 11.16 0.500802 1007.83 571.66 14.53 36.95
1182,0.712587 906.06 974.30 49.02 47.39
1183, 
1184, 
1185,0.833611 327.68 771.05 37.73 54.74 0.588245 93.76 405.08 31.01 44.49 0.549663 196.48 240.88 34.82 57.81 0.419608 980.07 182.24 17.82 58.47 0.349796 787.04 235.37 9.67 27.51
1186,0.724691 859.36 638.42 40.97 15.19 0.351646 18.34 138.29 29.19 66.88 0.322780 891.96 127.24 34.82 50.60
1187, 
1188, 
1189,0.698415 747.37 326.04 22.78 28.57 0.609294 799.25 305.14 16.96 50.13 0.308449 826.88 306.59 31.39 37.82
1190,0.687681 729.47 886.67 69.37 40.02
1191,0.392548 119.05 97.94 62.52 85.88
1192,0.697449 200.63 860.47 35.62 45.18 0.329951 1009.51 395.32 12.14 34.75
1193,0.235173 328.13 718.27 22.02 16.65
1194, 
1195,0.770501 577.21 532.60 34.64 47.12 0.507422 266.78 344.65 28.36 25.17
1196, 
1197,0.711817 1.45 908.80 21.42 19.88
1198, 
1199,0.707218 248.88 191.46 44.11 43.60
1200,0.654629 459.76 533.28 29.98 59.23 0.322267 470.23 339.93 29.27 59.02
1201,0.335676 47.83 813.21 15.27 58.20 0.232351 1010.80 499.95 11.00 30.54
1202, 
1203,0.520081 186.19 797.87 64.68 63.76
1204,0.384974 663.31 9.38 50.36 34.36
1205,0.769592 794.31 786.13 12.23 29.88
1206,0.553622 598.48 292.74 35.45 43.02
1207,0.625537 653.96 793.51 20.61 32.61 0.476796 577.21 4.93 51.70 44.38
1208, 
1209,0.381513 367.45 397.96 31.35 40.52
1210,0.536270 833.53 130.56 49.11 23.27 0.488448 697.16 317.64 34.69 44.86 0.448365 836.30 136.87 31.21 16.32
1211, 
1212, 
1213,0.656121 600.82 132.12 9.71 30.05 0.211055 391.54 334.81 42.70 27.88
1214, 
1215, 
1216, 
1217, 
1218,0.394988 154.42 589.82 22.24 53.27
1219,0.468978 90.11 815.61 27.97 14.54 0.204685 88.29 815.29 58.23 21.50
1220,0.572928 920.62 245.41 45.30 25.41 0.480029 164.60 978.59 48.37 43.16 0.368356 50.75 561.81 38.31 49.21 0.276638 166.06 955.64 68.28 62.36
1221, 
1222,0.273255 659.55 281.69 11.91 49.78
1223,0.524315 770.07 291.94 32.56 9.70 0.508313 570.61 30.20 44.48 26.89 0.230521 572.44 37.24 30.31 19.58
1224,0.801195 559.86 719.66 40.34 41.57 0.243732 775.45 4.33 21.68 26.74
1225, 
1226, 
1227, 
1228, 
1229,0.550692 844.55 685.77 45.96 36.50
1230, 
1231,0.679877 833.74 329.16 51.54 39.81
1232, 
1233, 
1234,0.727327 693.47 923.64 33.87 13.07
1235, 
1236,0.596252 793.57 356.78 11.49 31.91
1237,0.429732 258.01 884.63 38.92 49.75
1238, 
1239,0.379218 779.49 514.14 56.07 17.07
1240, 
1241,0.541245 980.65 342.96 36.70 44.99
1242, 
1243,0.656446 742.39 576.28 12.03 66.29 0.597953 582.62 131.09 54.34 19.54
1244,0.471640 627.83 402.60 81.37 9.43
1245,0.773888 806.96 773.21 36.49 56.97 0.442801 435.04 141.61 32.55 38.01 0.260362 445.25 144.27 21.68 21.46
1246,0.424623 406.06 610.56 12.56 34.45
1247,0.648211 373.63 418.70 41.51 29.52
1248, 
1249,0.482724 447.61 271.48 73.50 18.05 0.258228 627.83 412.33 10.81 49.46
1250,0.505002 367.16 35.74 29.65 59.22
1251, 
1252,0.755381 608.86 558.36 36.70 38.16 0.500835 854.25 285.24 18.21 55.95
1253, 
1254,0.613826 538.33 32.48 25.00 51.58 0.555539 929.99 627.07 53.15 31.15
1255,0.626933 628.03 449.94 45.34 31.86
1256,0.345690 692.58 745.94 31.77 12.38 0.200453 688.78 744.11 48.10 16.86
1257,0.346013 819.85 397.49 24.28 63.41 0.263073 820.87 401.08 15.98 33.55 0.260445 924.71 53.84 64.16 8.98
1258,0.778025 675.78 681.37 39.61 14.37 0.417786 640.43 237.16 37.68 32.42 0.225997 471.69 992.91 54.89 8.59
1259,0.670604 874.60 270.57 11.78 30.99 0.201704 873.32 262.63 18.27 42.96
1260, 
1261,0.206700 936.26 35.93 30.12 18.20
1262, 
1263,0.667250 720.97 669.75 11.91 77.06 0.602750 147.47 730.61 14.48 25.42
1264, 
1265,0.581110 965.71 31.49 25.09 18.65
1266,0.341266 55.69 499.27 40.39 17.26
1267,0.395018 547.88 891.40 15.56 64.39 0.245490 549.72 894.70 12.38 40.44
1268, 
1269,0.623717 915.53 993.68 24.29 18.66 0.248786 281.98 881.14 26.65 24.03
1270,0.673118 192.67 687.41 22.53 44.19 0.506157 920.04 127.63 20.10 70.81
1271,0.683694 302.22 826.98 10.54 43.75
1272, 
1273,0.792942 733.25 102.06 71.69 33.55 0.731496 273.94 271.54 24.89 10.52 0.481878 339.52 202.31 33.46 46.00
1274,0.556468 829.21 474.25 27.44 40.58
1275, 
1276,0.686613 275.53 422.07 37.58 56.61
1277,0.658599 401.74 781.75 43.92 67.92
1278, 
1279,0.865093 19.52 874.26 36.46 60.69 0.789786 367.55 162.33 38.17 42.33
1280, 
1281,0.432247 282.49 251.92 23.10 16.28 0.384380 644.84 882.62 64.62 21.20 0.345892 272.61 717.52 68.85 15.38 0.317071 665.72 883.35 39.95 14.74
1282,0.551578 464.16 541.23 19.47 39.71 0.504138 8.16 189.42 38.32 36.92 0.420907 628.32 797.71 30.44 10.37 0.230982 21.02 200.89 24.29 23.96
1283, 
1284,0.585410 431.78 249.02 41.82 27.89 0.499765 208.25 735.19 18.39 41.59 0.228199 278.50 261.35 17.30 31.85
1285,0.563534 762.40 638.59 28.17 17.52 0.245890 758.99 636.16 47.40 25.54
1286, 
1287,0.733227 649.94 826.68 8.53 43.29
1288,0.709363 346.84 278.29 64.06 24.39 0.657810 379.77 94.13 37.32 44.65
1289,0.673152 725.17 590.90 26.94 39.85 0.650877 410.94 114.65 58.57 13.02
1290,0.807712 725.54 72.23 62.15 28.15 0.494911 937.98 611.46 73.23 27.34
1291, 
1292,0.812998 279.72 412.89 55.22 33.10 0.738274 660.01 761.97 37.27 43.35 0.554356 657.82 493.19 45.02 60.36
1293, 
1294,0.561913 926.63 178.05 45.17 9.29 0.467836 705.00 245.61 40.53 32.34 0.384566 118.97 257.52 31.92 26.46
1295,0.480366 155.44 616.41 30.20 54.21
1296, 
1297,0.689005 687.62 808.31 39.28 57.90
1298,0.656845 21.65 360.17 42.44 32.67 0.301667 787.93 860.41 34.04 50.82 0.287770 798.16 876.41 20.66 30.51
1299,0.490410 162.53 688.23 44.62 33.02 0.471290 912.46 340.24 34.25 11.90 0.408503 809.02 547.27 8.10 34.03 0.298986 894.31 336.59 54.72 16.27
1300, 
1301, 
1302,0.671188 816.71 365.27 75.28 33.71 0.221350 754.13 77.83 22.58 53.88
1303, 
1304,0.665851 0.00 618.45 64.78 10.54
1305, 
1306,0.760014 158.77 546.83 14.16 27.47 0.662937 836.69 60.37 39.59 35.88
1307,0.755490 27.45 2.08 33.63 37.39 0.408737 809.89 629.64 36.10 68.87
1308, 
1309, 
1310, 
1311, 
1312,0.303437 241.88 905.30 34.51 47.12 0.252751 242.01 921.16 24.37 30.80
1313, 
1314,0.861541 754.58 768.71 53.33 98.68 0.672237 295.87 295.41 62.63 33.87 0.408907 430.99 517.62 76.18 12.34 0.230776 528.62 987.04 29.48 29.23
1315, 
1316,0.533465 85.84 290.60 9.64 34.48
1317,0.457506 947.32 969.23 43.41 53.11
1318,0.709690 94.58 453.94 42.15 8.91 0.690229 9.03 964.88 25.17 46.50 0.573336 992.65 42.80 30.54 22.07
1319,0.625469 532.15 335.23 55.82 30.89
1320,0.596991 100.13 472.58 36.96 15.31 0.496616 322.69 801.30 75.58 45.77 0.321820 11.61 572.85 31.02 54.17
1321, 
1322,0.527985 442.98 884.19 14.78 42.68 0.341808 828.93 961.22 38.25 35.01 0.288732 38.65 3.87 59.07 18.69
1323, 
1324,0.625671 38.74 339.94 56.75 30.10 0.466291 695.74 473.78 53.71 22.68
1325,0.693050 451.72 5.34 59.00 10.17
1326,0.423504 160.96 88.11 61.86 19.64
1327,0.616886 680.57 598.40 55.93 43.04 0.591393 312.10 856.46 43.33 36.80
1328, 
1329, 
1330,0.365605 732.64 307.88 20.85 56.93
1331,0.768748 564.61 643.96 62.36 51.90 0.500868 522.69 299.35 56.71 17.50 0.343372 201.93 601.17 34.33 55.29 0.292973 202.47 603.28 18.74 28.33
1332, 
1333,0.507285 638.80 616.40 48.31 30.80 0.427111 763.38 135.89 14.88 37.23 0.316713 657.14 625.59 28.78 19.33 0.290768 967.58 589.05 47.19 50.93 0.233324 483.76 517.84 29.63 11.69
1334, 
1335,0.772969 825.22 435.96 20.45 71.53 0.279348 365.85 903.50 32.79 51.89
1336,0.680987 552.85 882.68 15.95 32.69 0.513317 608.76 1000.98 22.68 21.48
1337, 
1338, 
1339, 
1340,0.704204 428.84 417.97 41.75 48.34
1341, 
1342, 
1343,0.510779 128.61 769.01 56.99 30.85 0.211622 148.83 779.57 32.99 18.58
1344,0.417502 578.46 602.77 24.58 21.17
1345,0.683082 993.36 203.45 21.47 15.55
1346, 
1347,0.638843 966.48 132.98 23.13 19.87 0.546331 592.33 535.96 9.58 36.53
1348,0.650868 750.39 886.78 63.94 17.76
1349,0.696368 133.42 588.62 29.28 68.38 0.614028 35.28 32.45 8.98 35.27 0.418569 627.96 31.28 42.07 35.92
1350, 
1351,0.417257 143.94 457.86 22.49 21.11 0.323091 131.83 447.46 37.10 36.45
1352,0.368029 795.76 796.24 41.95 43.31 0.305118 806.18 807.47 22.93 24.10
1353,0.483471 571.97 689.77 45.65 23.62
1354, 
1355,0.389965 431.29 302.88 22.65 29.81
1356, 
1357,0.602863 197.18 363.26 57.82 39.07 0.461101 851.97 527.89 11.44 46.66 0.402690 365.36 122.03 55.31 24.72
1358, 
1359, 
1360, 
1361,0.513408 678.01 182.32 23.38 58.00 0.420910 954.30 473.80 25.07 49.94 0.403415 956.60 488.77 17.64 28.73 0.343218 549.27 336.09 24.93 25.68
1362, 
1363, 
1364,0.553587 791.15 679.88 37.60 32.34
1365,0.694709 361.95 679.42 54.69 10.47
1366,0.453003 447.69 487.51 23.63 28.32 0.386361 437.88 476.25 35.40 41.47 0.353948 124.67 260.30 11.91 29.97
1367,0.501116 305.01 277.56 26.48 20.21 0.450988 607.56 956.13 21.77 11.93 0.377847 300.98 271.49 39.83 29.41
1368, 
1369, 
1370,0.650080 474.05 153.55 46.23 22.83
1371,0.209940 851.20 196.19 18.20 35.92
1372,0.356010 559.11 391.15 39.31 39.80 0.352981 572.24 396.31 20.24 20.56
1373,0.583086 593.30 434.99 59.03 31.90 0.568061 793.62 64.06 32.32 37.65
1374,0.484615 886.02 898.24 8.30 44.03
1375, 
1376, 
1377, 
1378,0.628435 332.62 609.38 66.47 30.99
1379, 
1380,0.572046 299.93 64.98 21.26 20.53 0.343543 911.09 148.11 14.53 34.27
1381, 
1382,0.680310 220.70 0.00 21.24 49.43 0.508966 545.43 653.61 13.42 40.15 0.343827 545.19 651.93 18.99 63.51
1383,0.209291 845.75 61.33 36.87 40.11
1384,0.810154 139.86 896.52 30.18 10.57 0.744484 60.78 523.79 46.11 12.34
1385,0.275413 521.82 103.89 45.23 20.95
1386,0.715656 931.38 801.50 17.04 21.92 0.392260 16.13 681.71 33.54 37.36 0.234194 21.74 688.11 24.00 25.02
1387, 
1388,0.588485 41.99 945.32 32.24 40.80 0.433828 389.98 355.14 22.74 74.63 0.221316 411.16 272.91 23.10 18.97 0.214505 405.86 268.40 39.77 30.37
1389, 
1390,0.513820 556.61 865.66 32.18 42.52 0.438016 557.99 874.81 22.84 29.41
1391,0.558935 999.24 6.45 19.21 65.55 0.527740 146.42 889.58 19.72 31.36
1392,0.205044 730.61 532.18 75.14 8.96
1393,0.713733 187.10 605.66 41.44 48.90
1394,0.723488 561.91 917.71 19.72 21.85
1395,0.704093 9.28 889.85 26.05 22.14 0.220298 88.32 617.32 19.75 20.40 0.218803 1.03 880.43 35.56 35.32
1396, 
1397,0.241344 372.34 700.94 20.76 25.02
1398, 
1399,0.617897 678.44 274.27 40.24 43.00
1400,0.633072 130.74 711.56 27.38 48.76
1401, 
1402,0.811976 778.45 974.82 52.42 22.23
1403,0.502750 124.45 309.48 28.50 49.92
1404, 
1405,0.416054 542.21 904.29 26.76 46.77 0.224876 547.59 911.13 17.10 27.50
1406,0.348434 98.47 719.37 58.72 8.20
1407,0.754736 226.00 770.72 34.61 12.53 0.322560 225.09 770.31 60.78 15.78
1408,0.738116 301.14 582.10 47.81 45.57
1409,0.374074 804.23 408.65 15.45 82.06 0.355201 881.07 347.39 16.17 28.39
1410, 
1411,0.370663 689.24 485.61 30.30 43.90
1412,0.646212 398.04 216.49 23.33 52.09 0.329584 401.73 229.83 16.33 33.88
1413,0.377934 1003.04 408.03 7.00 32.18 0.291317 323.72 177.15 35.31 36.87
1414, 
1415,0.638816 957.85 812.32 47.29 46.89
1416,0.454427 514.22 210.32 43.33 25.06 0.404923 785.75 448.57 41.70 16.69
1417,0.638357 657.51 624.73 51.61 19.13 0.570793 986.34 179.32 24.03 58.55
1418, 
1419,0.657838 486.75 899.26 40.88 33.33 0.639334 620.98 442.13 56.79 18.01 0.572226 582.13 485.76 36.17 48.32 0.436723 977.95 737.63 40.98 18.72
1420,0.658731 453.50 577.11 30.97 15.51 0.362381 858.64 626.49 9.49 50.69
1421,0.634806 959.15 863.47 45.37 40.84
1422,0.224721 299.49 1004.22 37.44 12.96 0.221944 282.23 998.23 58.36 21.43
1423,0.580207 846.09 516.32 33.05 14.78 0.452191 845.75 515.69 56.76 22.52
1424, 
1425, 
1426,0.544104 577.90 32.73 25.32 20.06 0.352453 573.63 26.28 36.94 29.89
1427,0.368679 34.93 375.75 49.19 18.61
1428,0.505925 27.86 459.79 43.50 25.93 0.277049 844.11 479.95 10.70 51.09
1429, 
1430,0.543813 930.14 675.05 43.70 19.40
1431,0.719168 975.99 666.12 43.91 47.19 0.631571 545.85 304.45 40.64 10.81 0.524155 677.83 858.51 18.62 30.83 0.383377 757.49 243.10 52.01 16.37 0.371408 664.50 856.25 34.29 50.25
1432,0.597278 849.64 807.16 36.36 38.34
1433,0.578682 560.20 260.56 31.14 54.32 0.210891 563.10 274.22 19.83 31.74
1434,0.625341 264.90 517.51 57.30 38.30 0.576322 407.92 385.13 55.70 32.64 0.333227 273.27 359.59 52.05 30.95
1435,0.600539 564.44 934.15 65.49 11.65 0.210120 654.59 452.42 17.75 31.58
1436,0.816719 791.31 87.49 19.29 89.78
1437, 
1438,0.770150 10.47 323.23 24.08 46.62 0.544722 886.95 964.81 46.88 25.83 0.430471 797.80 961.84 23.01 41.07
1439,0.596402 373.18 59.41 50.37 10.73 0.570225 507.18 191.28 37.92 34.76 0.497788 948.64 598.52 26.53 17.22
1440,0.719418 15.11 622.44 41.51 51.31 0.511666 741.96 307.10 20.30 53.76 0.488300 930.72 673.35 41.44 9.16
1441, 
1442,0.620027 33.20 492.16 46.32 40.83 0.538807 14.92 844.03 66.06 22.73 0.456078 674.76 447.68 9.60 83.82
1443,0.550611 526.57 192.79 51.08 16.51 0.538551 20.06 875.34 22.01 30.57
1444,0.621937 425.88 629.05 8.03 51.31
1445, 
1446,0.730150 719.11 133.20 37.64 41.75 0.590783 92.62 106.09 69.45 12.34 0.469667 146.06 204.74 26.68 45.22 0.262433 150.44 215.10 19.57 28.76 0.209592 595.66 935.02 17.18 38.13
1447, 
1448,0.703674 847.92 28.91 29.48 42.08 0.598094 428.07 731.21 62.59 9.86 0.330317 114.94 293.22 24.97 16.14
1449,0.535960 51.74 816.37 23.90 10.82
1450,0.641381 105.03 432.66 36.28 35.06 0.493882 466.11 485.65 39.01 36.22
1451,0.793717 536.85 251.59 10.65 40.71 0.765852 259.69 802.93 22.03 76.10
1452,0.792614 158.82 580.83 53.49 8.65
1453, 
1454,0.745426 936.63 156.50 42.00 45.40 0.394224 1.96 657.07 31.09 8.89
1455,0.856036 752.38 307.51 117.98 57.04
1456, 
1457,0.338862 378.00 15.56 44.40 32.05
1458, 
1459,0.705698 743.13 36.66 65.21 41.84 0.353999 606.11 152.63 34.12 38.37
1460,0.787851 582.18 106.30 36.10 37.03 0.634854 125.80 447.76 67.82 8.78
1461, 
1462,0.225972 812.63 687.24 42.17 35.15
1463,0.447728 69.71 952.91 47.47 17.50
1464, 
1465,0.492650 607.13 444.92 18.62 57.09 0.336479 610.77 461.61 13.74 37.96
1466,0.593393 978.48 850.54 14.41 28.03 0.407223 303.34 476.50 20.31 21.63
1467, 
1468, 
1469,0.359381 696.21 438.19 21.69 30.97 0.311786 694.87 439.24 32.63 46.14
1470, 
1471,0.745361 563.21 355.31 28.18 58.36 0.581383 400.05 451.82 26.79 46.60
1472,0.553080 581.29 710.63 33.74 11.78 0.485483 53.97 0.00 54.04 25.60
1473,0.420793 836.54 653.85 14.26 31.31
1474,0.562077 12.99 891.48 13.39 35.53 0.374463 580.96 281.46 11.13 36.56 0.258377 9.26 887.09 18.17 52.65
1475,0.553583 489.73 509.17 27.13 23.63 0.486581 978.64 449.38 42.72 32.52 0.332595 987.73 453.59 29.40 21.83 0.203563 476.84 500.99 39.43 31.69
1476,0.609040 105.54 383.43 9.82 60.09
1477,0.557519 977.13 925.48 19.17 25.48
1478,0.745142 903.71 156.70 64.78 43.40 0.543413 149.39 859.73 20.57 51.90
1479,0.789027 210.44 404.63 14.79 36.71 0.261528 97.02 278.35 25.19 15.29
1480, 
1481, 
1482,0.771170 529.97 607.64 54.18 22.30 0.520286 827.56 455.91 9.37 42.79
1483,0.639818 197.28 694.73 64.85 27.51
1484, 
1485,0.824811 27.33 475.60 30.47 65.98
1486,0.758449 863.05 313.89 31.01 55.38 0.484591 542.12 698.59 18.19 26.47 0.313928 541.59 693.19 28.00 44.04
1487, 
1488, 
1489,0.707734 161.85 880.60 40.93 36.53 0.477249 749.05 797.59 45.54 30.19
1490,0.661766 553.49 390.15 53.66 29.21 0.433185 424.34 892.65 26.30 50.78 0.389961 737.47 981.55 65.46 26.33 0.208702 424.95 892.31 18.85 30.71
1491, 
1492,0.465506 964.49 724.82 23.79 61.89 0.416426 399.38 180.74 8.43 30.32
1493,0.519164 971.39 892.55 11.44 35.84 0.341303 85.16 632.29 21.93 17.12
1494,0.583473 559.40 706.77 35.51 50.12
1495,0.602034 770.95 342.20 49.98 16.04 0.447001 385.46 877.71 29.13 49.90
1496, 
1497, 
1498, 
1499,0.764361 987.39 762.67 25.59 65.20
1500,0.256375 449.20 863.21 28.71 45.38
1501, 
1502,0.803239 304.92 515.23 28.57 15.19
1503,0.519081 112.09 571.04 56.95 75.63 0.488785 242.11 928.24 37.53 53.38 0.451670 723.42 5.78 57.46 10.83 0.397468 258.41 932.43 20.24 24.96
1504,0.527642 1006.57 321.13 11.37 56.10 0.330712 296.72 222.16 28.68 13.94
1505,0.411489 516.65 721.38 35.07 33.61
1506,0.681619 870.76 743.38 15.21 33.16
1507,0.481845 165.61 215.34 15.38 48.63 0.408111 352.03 344.57 48.17 34.80 0.257075 363.21 348.26 31.52 23.43
1508,0.654589 912.64 728.43 29.47 48.97 0.582329 69.68 86.41 23.00 54.00
1509,0.654286 390.71 275.96 31.37 52.92 0.494627 931.20 409.79 68.49 20.86
1510,0.618430 213.32 771.44 58.75 9.92
1511,0.657288 329.69 689.38 28.66 16.06
1512,0.560799 264.99 351.03 26.18 32.13
1513, 
1514,0.559666 600.65 16.64 72.75 22.88
1515, 
1516,0.492333 506.29 758.79 45.09 25.38
1517, 
1518, 
1519,0.470636 306.88 108.63 49.74 17.62 0.226030 69.35 863.09 9.68 66.30
1520, 
1521,0.624377 735.67 817.93 30.87 43.33 0.515487 774.49 220.92 36.23 36.41 0.360496 119.06 32.79 15.00 27.18
1522,0.678990 980.48 842.65 40.73 54.00
1523,0.402923 971.96 975.67 36.29 41.95
1524, 
1525,0.358368 618.92 532.54 9.67 37.74
1526,0.749564 768.14 619.50 25.91 56.05 0.660478 197.88 993.86 26.39 24.10 0.396146 325.54 745.85 19.42 55.10 0.330055 200.82 981.02 41.48 38.10
1527,0.609160 408.60 835.13 23.53 24.22 0.302058 392.72 835.14 41.20 36.77 0.214333 404.31 822.97 38.03 39.67
1528,0.507725 517.77 466.96 74.66 56.36 0.273683 64.64 1007.32 29.47 15.76
1529,0.697527 668.32 252.96 15.26 31.73 0.210200 667.72 251.05 20.67 50.55
1530,0.498904 693.42 47.83 10.01 85.94
1531, 
1532,0.619571 591.97 96.12 34.92 56.21
1533, 
1534, 
1535,0.578694 198.81 12.26 12.09 37.64
1536,0.784243 474.16 80.03 26.03 56.86
1537,0.790554 238.30 252.95 100.60 29.68
1538,0.609750 487.37 3.29 55.21 7.98
1539, 
1540, 
1541, 
1542,0.666345 825.09 913.26 53.83 14.51
1543,0.812233 427.21 559.30 46.88 94.88 0.723998 798.42 10.99 45.67 23.33 0.588725 292.36 225.86 49.43 27.97
1544, 
1545, 
1546,0.203447 1008.66 351.94 11.38 37.03
1547,0.488920 898.14 621.82 44.42 11.90 0.369863 411.39 450.71 11.01 34.40
1548,0.304959 112.40 795.49 45.53 32.56 0.218045 261.33 813.64 9.57 46.31
1549, 
1550,0.677458 433.61 490.36 16.00 22.60
1551,0.338616 28.04 253.75 65.90 12.74
1552,0.372316 880.27 43.18 46.00 8.80
1553,0.708013 743.42 803.92 56.42 28.26 0.233529 303.56 1007.82 30.69 15.40
1554,0.424350 582.94 231.95 23.15 9.14
1555,0.536793 397.11 303.33 18.98 51.16
1556, 
1557,0.549685 155.85 14.02 54.49 26.85
1558,0.677990 252.74 354.93 15.40 29.22 0.310472 290.12 0.00 16.53 18.06
1559,0.290853 287.54 524.29 11.88 52.09
1560, 
1561,0.856081 804.38 123.04 61.02 36.69
1562, 
1563, 
1564,0.597884 681.64 137.36 37.65 12.03 0.553289 13.87 103.68 12.44 27.06
1565,0.565889 878.98 351.84 9.24 31.22
1566, 
1567, 
1568, 
1569,0.330692 528.72 714.41 18.48 21.35
1570,0.361832 227.66 643.31 32.92 15.71
1571,0.464874 420.33 100.87 33.22 24.57
1572, 
1573,0.580048 732.76 827.01 9.40 49.88
1574,0.569715 3.26 106.31 51.36 37.96 0.256278 765.74 73.29 10.42 34.16
1575, 
1576, 
1577,0.356280 155.41 570.28 22.47 11.22
1578,0.483755 540.18 20.82 22.11 23.70 0.229694 534.62 11.94 30.89 38.96
1579,0.254400 618.38 899.53 11.99 40.82
1580,0.709070 121.91 706.04 48.96 29.08 0.635387 126.14 523.12 33.05 12.25 0.398922 940.37 841.07 23.31 30.49 0.262509 122.25 520.42 48.62 16.71
1581, 
1582, 
1583,0.812863 691.29 755.51 65.79 40.23 0.446270 552.64 745.97 10.36 86.63 0.389226 317.53 797.11 42.81 10.82
1584,0.203117 689.66 241.87 12.17 31.26
1585, 
1586,0.577903 731.47 797.23 37.57 57.70 0.316491 484.23 191.12 26.83 19.93 0.278171 482.66 188.86 46.84 32.73
1587, 
1588, 
1589,0.848706 801.54 552.15 63.28 33.13 0.671984 353.60 960.85 10.44 60.77 0.422528 885.69 794.82 10.12 34.37
1590,0.480281 871.12 343.42 28.52 38.81
1591,0.601259 520.05 959.49 45.03 36.11 0.308810 233.73 771.98 30.38 40.80
1592,0.390878 134.26 265.64 20.16 61.80 0.384871 139.96 267.37 13.60 36.14
1593, 
1594,0.337892 247.34 478.54 14.57 67.25
1595,0.673868 823.87 617.39 35.62 42.73
1596,0.214215 575.32 971.93 24.91 17.41 0.213995 615.57 664.87 12.45 25.84
1597, 
1598, 
1599,0.616665 840.90 95.10 45.30 19.81
1600, 
1601, 
1602,0.764958 581.96 14.35 29.70 12.59
1603,0.747921 3.76 148.94 65.06 19.38 0.684498 378.48 43.10 35.90 40.37 0.528077 495.85 620.17 18.47 32.16 0.256984 495.78 619.01 29.83 55.22
1604, 
1605,0.822974 964.34 906.41 48.60 29.54 0.677066 158.47 2.48 55.77 21.95 0.647189 276.43 105.61 14.24 76.03 0.459729 728.24 140.32 28.94 53.04 0.325926 738.65 160.63 18.97 31.32
1606, 
1607, 
1608,0.773168 278.27 453.21 84.64 35.77 0.682611 851.39 196.16 11.99 38.61
1609,0.416232 302.54 916.96 44.75 31.84 0.230459 848.60 438.29 39.93 51.11
1610, 
1611, 
1612,0.508583 286.91 262.78 14.75 40.43 0.448627 576.21 927.09 15.48 19.44 0.360638 264.84 116.21 10.51 27.69 0.227050 29.55 565.51 30.71 8.87
1613,0.677048 828.82 31.80 32.16 58.10 0.507929 67.88 245.49 10.84 73.61
1614, 
1615, 
1616,0.654131 152.84 704.26 25.04 20.06 0.568889 590.47 416.02 27.64 10.16 0.250270 315.06 186.60 11.25 27.49 0.223263 149.67 701.94 36.66 28.06
1617, 
1618,0.859386 118.53 7.65 56.83 30.22 0.854418 950.21 572.62 20.49 79.55 0.558413 503.86 565.08 24.36 54.31 0.475302 922.80 16.70 54.16 73.97 0.435470 837.40 435.04 32.32 21.50 0.304549 510.94 566.34 17.44 36.24
1619, 
1620,0.676056 993.72 21.64 24.61 67.73 0.496328 427.74 339.06 9.49 52.65
1621,0.710772 526.48 768.72 61.60 44.08 0.354704 158.70 379.99 48.58 43.84
1622,0.512051 97.68 515.17 41.28 81.36
1623, 
1624,0.630215 370.08 555.54 28.23 51.84
1625,0.436153 235.73 1002.79 36.27 19.66
1626,0.720649 430.74 483.29 37.05 11.60
1627,0.719015 411.29 44.23 53.04 29.55 0.692880 903.57 636.60 28.86 53.17
1628,0.450689 750.71 269.83 33.06 39.64
1629,0.685966 542.15 771.60 35.25 42.96 0.512307 430.70 388.73 54.90 39.74 0.308519 111.47 588.79 38.40 39.10
1630, 
1631, 
1632,0.453618 922.50 891.77 32.46 39.98
1633,0.536659 464.84 532.28 57.05 42.98
1634,0.445614 715.96 269.94 29.92 39.89
1635,0.660558 26.94 197.52 62.60 19.31 0.634890 968.84 2.30 43.95 29.44 0.402912 305.99 427.94 46.34 9.55 0.241061 292.92 898.34 25.11 17.44 0.223026 290.16 899.09 45.60 29.63
1636, 
1637,0.499558 180.33 483.52 30.36 56.09 0.340290 327.25 410.11 20.27 29.34 0.282029 322.87 406.14 34.55 49.49
1638, 
1639,0.640319 402.75 523.11 30.45 23.21
1640,0.202475 974.14 452.57 14.36 31.05
1641,0.513784 486.99 361.21 58.98 28.91 0.460541 879.17 750.13 31.20 8.71 0.272659 82.80 190.33 51.29 14.81
1642,0.767815 687.47 223.79 16.18 24.66 0.694788 656.85 855.89 47.94 49.34
1643,0.493604 619.60 1004.58 30.16 10.85
1644,0.759061 612.98 150.29 30.43 71.10
1645, 
1646,0.380658 852.68 103.28 39.43 51.59
1647,0.662418 642.48 6.43 9.25 59.66 0.615394 132.63 573.83 41.40 15.13
1648,0.486634 411.81 479.77 21.15 77.42
1649,0.727790 935.58 527.95 56.35 33.38 0.629343 301.30 782.03 43.37 15.86
1650,0.506329 975.52 296.89 36.04 34.55
1651,0.451404 668.22 569.01 55.39 22.79
1652,0.366144 452.34 872.09 48.77 31.26
1653,0.802369 516.87 193.26 30.70 72.40
1654, 
1655,0.775194 204.51 375.27 53.66 7.76
1656,0.748097 16.38 70.66 54.88 18.11 0.251004 554.92 163.75 34.61 41.24
1657, 
1658,0.807661 388.64 743.63 50.85 30.06
1659, 
1660,0.412207 308.91 868.83 55.01 40.81
1661,0.783492 285.16 957.27 36.73 51.20 0.402178 68.57 797.87 46.49 19.26
1662,0.804575 296.97 548.39 27.17 62.47
1663,0.446377 308.40 167.52 24.75 95.32
1664,0.781200 818.01 801.73 43.60 14.03
1665,0.514214 802.66 325.21 23.01 20.61
1666,0.523016 812.26 791.93 29.59 62.70
1667, 
1668,0.325661 417.46 591.38 39.66 97.07
1669,0.236685 719.17 327.86 33.65 43.83
1670,0.838587 7.74 975.94 61.89 20.66 0.419733 736.65 322.61 52.26 19.92 0.221047 807.53 638.40 30.75 46.35
1671,0.370685 968.16 596.77 44.38 32.41 0.344384 999.75 649.64 12.53 40.23 0.336746 998.15 644.09 19.37 61.84 0.314973 152.15 185.60 27.91 44.74
1672,0.288834 254.32 499.23 10.94 47.60
1673, 
1674, 
1675,0.776482 900.07 708.74 50.59 59.02
1676,0.763676 3.21 277.87 60.05 30.71 0.460178 428.82 545.77 15.26 61.16
1677,0.530509 114.19 919.55 21.65 54.62 0.526003 469.21 179.31 22.63 11.75
1678, 
1679, 
1680,0.627809 110.62 522.94 31.43 48.87 0.480941 3.24 90.02 13.54 46.38 0.463081 83.17 966.23 49.37 25.57 0.332936 84.91 970.82 32.23 18.65
1681, 
1682, 
1683, 
1684,0.547231 500.25 832.34 17.37 58.28 0.305758 46.04 735.72 57.95 55.29
1685,0.276695 820.62 329.52 9.25 34.99
1686,0.690166 548.25 694.12 36.99 37.61 0.563183 847.21 538.84 12.59 48.02 0.541057 627.03 282.81 23.45 16.30
1687, 
1688,0.345053 848.35 642.93 14.99 28.68
1689, 
1690, 
1691,0.283731 16.09 51.99 32.05 77.83
1692,0.355349 79.76 192.27 51.07 12.39
1693,0.695261 804.36 609.55 55.82 10.37
1694,0.606811 299.87 95.51 50.34 78.44 0.598716 347.64 213.48 32.18 85.97
1695, 
1696, 
1697,0.607748 340.28 166.62 55.67 30.00 0.592326 643.28 621.75 23.64 54.57 0.310563 649.20 623.30 17.42 32.13
1698, 
1699, 
1700,0.558337 469.34 378.15 36.87 46.55 0.449863 859.17 719.53 61.90 9.85 0.384589 300.92 571.18 30.09 10.07
1701, 
1702,0.753400 67.81 907.35 38.29 42.62 0.733006 136.30 354.46 11.13 31.69
1703,0.688728 422.91 62.82 12.44 41.89 0.558141 880.60 523.18 75.15 11.85
1704,0.610755 442.22 230.81 20.41 53.93 0.334967 874.79 960.76 23.05 53.72
1705, 
1706,0.530732 1000.37 316.50 19.78 59.79 0.468978 383.91 1010.87 35.18 12.02 0.203702 492.15 965.45 26.48 18.47
1707,0.732400 880.60 742.87 28.39 78.70
1708, 
1709,0.646716 382.35 469.48 11.08 50.84
1710,0.682710 746.50 257.79 42.41 12.98 0.229298 145.13 416.86 9.53 30.68
1711,0.613291 217.01 67.41 13.14 50.46
1712,0.471909 105.44 293.45 27.98 20.52 0.220480 90.72 292.32 43.34 28.61
1713, 
1714, 
1715, 
1716,0.534635 708.64 714.30 57.70 17.47 0.493003 545.26 198.09 21.05 25.85 0.220952 542.55 196.42 29.33 41.51
1717,0.608677 229.53 854.94 37.28 67.57
1718, 
1719, 
1720,0.538866 364.75 186.36 48.81 13.36 0.435010 354.87 18.47 18.54 62.91
1721, 
1722, 
1723,0.782851 547.59 3.46 60.62 9.96
1724,0.791672 903.36 785.63 28.08 54.49 0.602743 465.82 17.17 44.39 28.90 0.284280 346.11 143.63 26.63 52.31
1725,0.700890 420.78 252.68 45.89 10.41 0.500791 96.09 900.82 28.29 43.30 0.461448 607.98 569.40 20.58 28.45 0.419318 598.71 565.56 29.30 43.79 0.221692 900.73 432.48 20.50 61.33
1726, 
1727, 
1728,0.735930 106.31 778.37 28.52 39.39
1729,0.499704 530.40 269.34 40.13 11.76
1730,0.689719 368.98 300.49 71.48 26.77 0.404570 183.36 823.32 13.18 32.96
1731,0.649971 449.63 739.45 19.32 35.59 0.393106 265.09 170.71 60.78 12.62
1732,0.718871 156.16 938.14 52.93 36.91 0.549380 587.02 491.17 15.01 64.15
1733,0.420076 873.01 503.05 53.66 19.43 0.418689 876.31 507.83 30.42 12.48
1734,0.776426 623.01 398.62 22.53 28.33 0.686257 115.50 239.54 46.88 13.30
1735,0.566985 1003.03 487.95 17.98 21.78
1736, 
1737,0.449627 369.18 867.64 52.89 9.07
1738,0.767217 62.63 541.63 30.44 56.12 0.740904 749.17 606.73 16.62 22.33 0.323296 609.68 126.80 8.93 41.75
1739,0.628165 430.86 135.21 47.36 26.91
1740,0.441833 911.31 380.12 15.96 52.63
1741,0.655025 353.31 331.93 37.01 47.86
1742, 
1743,0.623068 107.37 97.26 11.65 69.40 0.461980 638.20 581.26 45.81 29.81 0.233916 649.43 587.73 30.38 21.59
1744, 
1745,0.549004 326.89 538.76 82.30 40.27
1746,0.795012 197.04 950.56 53.79 34.59
1747,0.512842 152.16 429.22 28.53 10.40 0.472751 669.14 22.57 34.65 112.36 0.438041 467.37 794.83 55.97 16.38 0.417257 236.32 879.03 39.57 9.74
1748,0.740353 565.21 731.02 66.58 50.21 0.313327 330.64 264.01 22.20 29.52
1749,0.634270 780.59 909.23 35.20 46.19
1750, 
1751, 
1752, 
1753,0.801626 419.09 683.60 55.75 24.28
1754,0.761767 462.08 4.11 57.11 10.28
1755,0.879338 691.33 161.84 109.19 75.60
1756,0.669585 467.82 691.82 34.96 43.86 0.651622 597.97 51.74 20.67 16.52
1757, 
1758,0.693224 799.74 603.28 38.63 15.97
1759,0.532863 775.42 446.33 19.82 74.58 0.338585 911.57 515.24 14.64 19.57
1760, 
1761,0.410025 362.69 161.63 17.09 62.74
1762, 
1763, 
1764,0.521582 118.02 329.45 75.36 22.60
1765,0.631084 917.85 477.64 19.16 68.84 0.203837 1008.82 325.39 9.24 39.60
1766,0.678569 576.80 937.46 49.75 41.87
1767,0.819513 517.17 249.28 69.85 42.53
1768,0.713812 199.64 759.52 37.65 67.16 0.547197 455.35 55.81 41.11 69.31 0.462957 612.38 483.98 10.65 33.92
1769,0.728865 945.47 640.92 44.18 30.95
1770,0.653293 252.64 93.88 21.84 58.25 0.436323 372.28 787.53 38.50 31.84 0.323580 377.97 792.11 25.07 23.00
1771,0.602761 671.23 11.89 25.48 11.13
1772, 
1773,0.407902 744.27 360.16 58.54 31.03
1774,0.754464 36.06 993.95 54.75 26.81 0.571329 592.03 734.10 17.37 22.34 0.501080 630.81 118.38 14.27 39.63 0.497999 653.78 436.92 27.41 65.38 0.207353 626.87 100.06 18.92 60.81
1775, 
1776,0.639052 290.47 829.22 39.55 52.04 0.480749 703.44 848.78 40.88 36.66
1777, 
1778,0.814558 423.80 8.27 54.40 30.58
1779,0.708375 855.45 108.15 9.79 55.03
1780,0.470544 938.21 263.57 11.98 57.68 0.207518 271.81 835.33 11.76 30.45
1781,0.749762 487.68 115.62 25.94 11.28
1782, 
1783, 
1784, 
1785,0.709026 371.88 885.52 14.35 29.76 0.371113 611.52 787.07 17.22 40.99
1786,0.366926 450.75 546.38 16.41 53.69
1787,0.272288 308.13 934.18 24.17 21.13
1788,0.611606 580.60 633.97 28.18 36.76
1789, 
1790,0.618781 161.02 378.92 42.03 23.78 0.481013 941.36 23.58 32.50 48.47 0.240531 947.09 37.72 23.51 29.64
1791,0.677862 684.01 533.96 47.16 39.68
1792,0.709017 721.46 514.35 34.54 33.81 0.275144 147.65 600.03 13.28 29.90
1793,0.377922 0.00 351.25 25.47 13.23 0.324693 144.16 7.66 21.95 63.31 0.291483 143.10 8.42 18.47 38.42
1794, 
1795, 
1796,0.790804 846.24 811.97 26.38 14.94
1797,0.649021 836.10 265.23 40.95 42.99
1798,0.396529 590.33 635.20 48.57 19.82 0.291609 717.29 883.00 32.92 37.03 0.247942 1006.80 591.16 9.22 39.96
1799, 
1800,0.798279 702.63 93.66 29.09 78.76
1801,0.762681 855.15 960.09 23.74 58.81 0.272489 275.55 684.74 17.81 26.57
1802, 
1803,0.684957 507.83 685.44 45.47 38.93
1804, 
1805,0.287265 3.13 14.62 12.62 25.65
1806,0.388319 166.93 378.85 18.69 39.07
1807,0.233979 1005.76 599.54 12.61 29.60
1808,0.420796 761.22 659.40 24.63 10.97
1809, 
1810,0.368680 354.11 830.41 76.20 10.03 0.334533 714.32 233.92 33.30 47.61
1811,0.721817 471.98 316.08 43.77 46.80
1812, 
1813, 
1814,0.705806 182.51 40.81 50.72 54.49
1815, 
1816, 
1817,0.360703 100.11 244.89 33.23 23.85
1818,0.627376 329.25 916.05 11.13 44.71 0.372335 245.67 789.68 22.88 60.36 0.307136 112.71 387.04 69.12 70.62
1819,0.414229 680.48 359.55 59.00 12.42 0.349502 473.92 651.82 8.71 42.94 0.347610 804.79 172.04 9.05 53.71
1820,0.626974 369.43 642.00 44.57 41.10 0.449851 970.86 726.60 28.67 34.78
1821, 
1822,0.607005 585.89 39.72 49.13 58.87 0.600981 789.88 461.70 63.15 17.28 0.538141 394.40 503.89 30.12 23.00
1823, 
1824,0.662494 914.49 612.73 50.62 48.16 0.631293 385.57 511.83 26.72 15.21 0.533980 620.97 804.07 56.00 23.83 0.236637 365.39 503.85 49.84 24.47
1825,0.454106 221.06 799.07 35.96 37.95 0.203324 233.28 810.48 21.44 24.81
1826, 
1827, 
1828, 
1829,0.549969 209.52 225.23 38.33 12.10
1830, 
1831,0.595021 62.70 975.37 44.11 23.08 0.275405 592.62 590.45 9.36 45.22
1832,0.662770 307.54 825.16 40.09 41.63 0.430271 837.53 690.32 19.79 68.85 0.357246 79.58 81.95 36.95 30.97 0.231254 82.84 84.56 26.08 20.85
1833,0.760099 769.31 19.94 24.01 62.14 0.592592 69.81 797.85 18.59 27.38 0.217884 66.74 779.32 32.94 48.27
1834,0.812801 46.44 627.67 8.98 56.89 0.341425 125.27 331.08 25.12 44.43
1835,0.648964 37.04 117.91 33.82 66.36 0.372127 472.00 380.33 33.86 44.18 0.201173 476.00 394.08 19.95 26.13
1836,0.335389 264.21 242.20 22.54 71.74
1837,0.815953 145.40 125.56 46.34 37.30 0.631633 485.30 474.47 74.85 54.60
1838, 
1839, 
1840, 
1841, 
1842,0.498906 173.99 327.56 31.82 50.51 0.403488 175.82 341.29 20.16 33.07
1843, 
1844,0.685230 928.84 444.32 74.80 78.60
1845, 
1846,0.390029 484.65 0.00 46.96 29.38 0.374999 223.96 847.48 53.60 41.94
1847,0.407021 50.03 942.96 45.70 14.70
1848,0.770783 709.75 930.20 46.15 53.80
1849, 
1850,0.828365 620.64 269.52 33.56 70.90
1851,0.554261 34.14 435.91 20.49 55.58
1852,0.534148 116.52 385.74 52.33 10.28
1853, 
1854, 
1855,0.703324 519.08 234.64 9.62 39.87 0.590658 531.06 58.30 27.74 10.44
1856,0.425297 970.12 605.91 30.75 41.00
1857, 
1858,0.743531 321.99 227.61 40.44 42.26 0.621335 248.97 843.33 14.35 47.97 0.583330 936.50 624.69 12.10 66.85
1859, 
1860,0.711959 453.08 329.62 34.93 16.60 0.535298 525.42 281.15 37.63 41.82 0.314658 560.66 632.86 51.48 25.40 0.253891 448.74 322.00 50.01 23.50
1861,0.767214 775.30 651.71 71.12 39.69 0.692068 759.39 471.94 12.45 54.73 0.536494 73.69 983.05 58.78 36.62
1862,0.858881 11.54 319.38 23.48 58.57 0.713522 24.64 147.13 9.65 51.64
1863, 
1864,0.546678 3.63 525.35 29.65 22.03
1865, 
1866,0.485177 24.78 386.26 47.77 9.42 0.435996 350.51 742.76 51.43 20.55
1867,0.636857 663.70 370.78 48.89 41.30
1868, 
1869, 
1870,0.433120 372.95 633.92 110.92 29.71
1871,0.831303 832.22 772.35 44.18 57.76 0.647127 420.63 654.90 33.94 18.17
1872, 
1873,0.670108 714.61 567.79 35.44 51.68
1874,0.626072 485.16 391.30 36.60 11.48 0.351082 450.21 117.70 14.97 63.08
1875,0.650821 905.26 703.62 18.30 29.89 0.549482 358.20 452.36 52.19 27.35 0.237263 900.81 697.43 25.51 43.42
1876,0.589203 390.24 251.94 47.91 46.31
1877, 
1878, 
1879, 
1880, 
1881, 
1882, 
1883, 
1884, 
1885,0.530827 7.71 228.97 34.69 39.21
1886,0.241802 289.44 572.12 40.19 30.66
1887,0.668074 353.45 115.96 10.47 31.52 0.568175 334.67 935.40 29.85 40.62
1888,0.297177 251.67 302.39 12.98 24.84 0.248495 488.36 592.81 73.81 9.89
1889,0.295488 966.73 426.19 44.65 34.61
1890,0.748931 661.28 497.04 37.51 33.13 0.625845 21.59 841.29 31.56 18.16 0.435655 51.60 77.75 32.12 40.49
1891,0.546930 707.99 38.25 61.57 19.88
1892,0.534106 931.98 481.21 56.84 61.09 0.520884 790.08 255.19 32.82 22.42
1893, 
1894, 
1895,0.550179 768.61 271.02 26.83 18.71
1896, 
1897, 
1898, 
1899, 
1900,0.312965 376.25 348.96 54.39 24.59
1901,0.722502 122.52 265.51 28.39 55.24 0.678034 913.19 586.65 22.08 49.64 0.552646 494.56 247.56 32.01 31.79
1902, 
1903,0.451449 472.71 55.45 32.69 25.98
1904,0.734634 967.82 884.15 31.46 49.78 0.733410 108.08 842.28 9.80 61.08 0.680189 722.34 454.96 25.71 10.43
1905, 
1906, 
1907,0.771608 738.22 790.52 38.23 16.23
1908,0.810807 67.73 147.27 40.52 34.99 0.534130 547.54 96.94 16.98 36.39
1909,0.537404 8.86 896.11 76.81 46.25
1910, 
1911,0.602001 267.63 86.87 14.23 45.41
1912,0.663393 559.45 120.60 45.16 38.71 0.594846 826.22 738.44 50.76 35.64
1913, 
1914,0.724377 258.02 436.33 26.73 61.89 0.628416 222.82 866.31 11.57 32.50
1915, 
1916,0.447525 885.91 616.05 47.20 37.48
1917,0.763450 320.70 483.91 28.21 18.15 0.519524 510.93 145.01 60.24 29.46 0.517885 846.30 982.15 41.52 39.64 0.333008 534.11 146.24 33.83 18.86 0.213156 497.58 146.92 10.85 32.94
1918, 
1919, 
1920,0.511193 203.37 833.28 28.58 67.86
1921, 
1922,0.829049 960.81 269.13 49.33 34.40 0.799430 776.25 856.79 44.34 34.63 0.466338 774.95 246.58 36.61 34.28 0.237897 780.80 252.47 24.27 19.98
1923, 
1924,0.527351 491.90 383.63 38.38 13.74 0.338540 349.32 287.32 13.28 58.12 0.291973 473.35 380.50 59.15 17.86
1925,0.786846 597.42 922.74 21.85 19.30
1926,0.829850 452.12 765.91 31.21 62.93
1927, 
1928, 
1929,0.379828 509.48 967.51 39.77 33.92 0.302520 516.06 971.92 25.75 21.80
1930,0.749345 51.70 825.81 29.43 57.47 0.730966 947.81 573.70 41.32 38.78 0.698070 819.43 381.63 50.19 19.12 0.302651 865.05 666.20 13.76 43.47
1931, 
1932,0.544797 487.76 210.45 22.53 15.65
1933,0.765075 609.66 530.07 49.62 7.80 0.621464 650.96 733.73 35.48 37.72 0.346698 622.54 972.37 39.63 48.29
1934, 
1935,0.425887 591.26 671.81 60.72 20.91
1936, 
1937,0.644305 302.34 909.74 42.32 33.70 0.633135 887.24 356.92 41.08 33.03
1938,0.324944 432.70 428.49 34.94 33.35
1939, 
1940, 
1941,0.225794 321.18 649.90 31.57 38.39
1942,0.723895 126.09 904.51 51.71 94.73 0.582533 19.12 435.17 33.53 8.89 0.503383 144.27 667.20 38.07 47.37 0.305587 942.01 41.33 60.33 21.18
1943,0.226965 248.10 303.48 11.31 34.12
1944, 
1945,0.448282 168.92 603.80 13.50 61.83
1946,0.540341 100.45 940.82 31.71 9.11 0.217460 635.97 324.07 36.49 9.54
1947,0.418433 341.76 808.57 84.97 11.46
1948,0.335742 256.68 836.65 53.24 16.16
1949,0.833211 558.10 518.94 82.49 23.32
1950,0.460824 528.94 14.26 14.49 58.72
1951,0.663081 110.43 545.47 89.44 24.91 0.571123 880.31 18.75 48.38 41.09
1952,0.471988 570.68 18.37 20.57 73.30 0.458068 19.72 138.11 8.54 46.57 0.349194 897.19 222.58 62.15 23.14
1953,0.629234 787.34 858.55 24.71 61.74 0.221593 787.67 241.70 24.64 12.32
1954,0.503012 936.07 12.93 36.76 15.19 0.472252 204.12 50.09 20.29 35.10 0.356098 926.07 9.90 63.70 18.45 0.354514 871.57 535.91 28.65 44.60
1955,0.779571 4.85 971.51 38.35 26.89 0.328850 735.86 917.01 55.60 34.03 0.295632 482.72 285.59 36.64 7.46
1956,0.250424 723.21 26.78 11.00 48.42
1957,0.616916 489.56 583.35 34.27 45.72
1958,0.768900 60.52 127.60 33.29 57.14 0.546928 961.31 390.20 49.52 15.04 0.472138 563.05 907.75 14.37 33.52 0.459900 982.30 902.16 41.48 9.00 0.263074 562.50 883.72 19.45 59.24
1959,0.769618 832.12 5.34 25.67 59.44 0.609741 14.62 406.24 42.24 36.22
1960,0.414171 401.20 854.43 35.47 41.82 0.343560 344.38 409.45 30.73 25.33 0.266566 410.14 864.57 24.89 29.58
1961, 
1962, 
1963,0.549743 0.00 857.79 28.17 44.14 0.310574 9.72 742.19 47.39 41.33
1964,0.543973 901.99 201.61 44.40 9.74 0.266867 378.54 43.38 42.21 8.14
1965,0.746366 967.28 709.16 12.81 45.01 0.731867 448.81 79.91 32.21 56.16
1966, 
1967,0.647516 219.42 29.83 55.77 36.48
1968,0.349133 536.95 417.95 27.86 8.43 0.332081 795.78 75.77 9.19 69.91
1969,0.584208 799.66 363.44 14.83 26.25
1970,0.239994 30.01 479.76 24.32 48.07
1971,0.434374 662.83 265.13 54.96 74.01 0.417931 735.29 422.15 53.36 42.96 0.337451 749.81 415.67 49.20 38.87 0.315563 262.21 628.60 24.61 36.23
1972,0.752655 805.17 147.29 27.76 42.09
1973,0.470292 939.58 779.16 10.53 59.94 0.450536 122.98 781.89 25.86 17.51 0.350084 740.80 273.08 11.05 48.86 0.221045 105.92 778.71 44.24 26.33
1974,0.730561 454.11 375.03 20.27 65.82 0.481192 968.65 226.45 47.89 33.19 0.425857 853.83 787.16 30.35 11.27 0.419705 987.33 227.57 27.14 21.22 0.204855 221.56 743.43 11.68 25.46
1975,0.839985 379.43 559.56 91.35 21.11 0.735799 563.96 4.49 48.71 41.12 0.614579 952.10 627.83 63.72 11.22
1976, 
1977,0.532371 596.66 116.13 42.64 43.75
1978,0.653529 812.17 231.83 89.73 62.59 0.602857 273.24 347.82 55.76 49.24 0.548431 95.66 860.06 44.54 61.96
1979,0.516504 326.85 340.44 51.87 17.71
1980,0.618653 141.34 445.68 64.92 19.23
1981,0.649240 673.36 18.17 56.44 32.83
1982,0.723573 706.48 621.24 65.63 8.46
1983,0.759186 155.50 792.03 55.99 9.82
1984, 
1985,0.640914 617.51 838.42 28.46 40.63
1986,0.564850 57.98 537.34 11.85 29.88
1987,0.791301 677.72 975.15 36.84 13.29 0.670816 115.60 534.10 24.59 54.29
1988,0.529968 467.40 692.38 61.44 51.64
1989, 
1990,0.395867 107.12 939.10 63.66 19.01 0.319573 627.80 129.72 43.28 32.46
1991, 
1992, 
1993, 
1994, 
1995,0.426167 910.43 163.70 22.97 19.67 0.301493 906.35 161.98 38.78 32.50
1996,0.658011 736.97 728.21 61.79 22.68 0.318915 89.09 244.39 60.09 13.07
1997,0.374610 692.84 687.01 36.00 11.98 0.374463 991.64 222.42 13.88 33.85 0.211559 672.62 684.40 60.46 16.40
1998,0.585926 342.81 903.82 37.10 61.28 0.350274 685.61 680.61 9.24 38.55 0.311179 602.92 539.93 44.12 10.01 0.274800 590.02 539.08 53.22 16.25
1999,0.400005 355.35 877.58 31.32 20.24 0.360870 352.78 869.78 56.63 29.10 0.209412 192.49 683.60 40.54 11.71
