id,image_id,prediction_string
0,0,0.486572 894.120000 186.420000 8.980000 40.970000 0.408272 209.070000 674.160000 15.890000 48.190000
1,1, 
2,10,0.574146 5.090000 17.870000 36.630000 58.110000
3,100, 
4,1000, 
5,1001, 
6,1002, 
7,1003, 
8,1004, 
9,1005, 
10,1006,0.404424 256.640000 819.900000 56.240000 38.710000
11,1007, 
12,1008, 
13,1009, 
14,101, 
15,1010, 
16,1011,0.300998 190.160000 375.680000 38.450000 43.750000
17,1012, 
18,1013,0.268122 828.850000 395.730000 66.410000 35.350000
19,1014, 
20,1015,0.619665 610.520000 402.020000 8.790000 63.160000
21,1016,0.372081 421.040000 664.970000 32.150000 61.160000
22,1017,0.236437 456.290000 327.340000 22.320000 17.400000
23,1018, 
24,1019, 
25,102, 
26,1020,0.650893 639.790000 507.100000 9.520000 46.610000 0.458805 651.740000 942.740000 53.490000 14.670000
27,1021,0.310470 806.060000 394.180000 22.820000 31.710000
28,1022,0.228993 740.270000 848.780000 33.140000 47.140000
29,1023,0.277816 94.330000 78.860000 11.580000 42.010000
30,1024, 
31,1025, 
32,1026, 
33,1027, 
34,1028, 
35,1029, 
36,103,0.560463 183.060000 331.170000 45.150000 14.040000
37,1030, 
38,1031,0.440624 586.840000 800.730000 95.370000 28.520000
39,1032, 
40,1033, 
41,1034,0.245536 241.410000 830.220000 51.420000 27.560000
42,1035,0.464795 565.370000 407.990000 12.300000 42.550000 0.319325 365.750000 166.540000 8.090000 39.470000
43,1036,0.274080 169.000000 989.270000 41.340000 33.070000
44,1037, 
45,1038, 
46,1039, 
47,104,0.450531 680.500000 51.110000 14.970000 47.910000
48,1040,0.246527 851.920000 106.990000 29.610000 119.010000
49,1041, 
50,1042,0.330745 832.660000 878.970000 36.830000 17.650000
51,1043, 
52,1044, 
53,1045, 
54,1046, 
55,1047,0.251391 268.930000 367.180000 14.400000 34.830000 0.237515 898.500000 966.030000 35.900000 9.310000
56,1048, 
57,1049,0.385923 805.540000 266.050000 32.940000 53.170000
58,105, 
59,1050, 
60,1051,0.298590 497.150000 650.310000 31.630000 10.310000
61,1052,0.257286 486.510000 599.720000 44.340000 78.600000
62,1053, 
63,1054, 
64,1055, 
65,1056,0.283104 936.740000 808.770000 26.360000 65.400000
66,1057,0.392513 741.820000 149.990000 12.300000 30.300000
67,1058, 
68,1059, 
69,106, 
70,1060,0.470199 280.730000 358.040000 18.350000 66.110000
71,1061,0.678390 670.050000 15.580000 110.560000 55.840000
72,1062, 
73,1063, 
74,1064, 
75,1065, 
76,1066,0.630936 505.730000 250.140000 48.290000 12.190000 0.276998 71.760000 877.750000 14.420000 45.320000
77,1067,0.329079 84.630000 947.280000 15.370000 41.200000
78,1068,0.794923 867.490000 466.920000 24.840000 55.870000
79,1069, 
80,107, 
81,1070, 
82,1071, 
83,1072,0.281118 946.110000 448.700000 26.360000 42.390000 0.237709 821.460000 212.940000 9.500000 63.130000
84,1073,0.333225 25.080000 684.530000 94.950000 72.500000 0.266592 614.910000 464.610000 34.650000 17.140000
85,1074, 
86,1075,0.414764 364.360000 517.540000 12.580000 54.150000 0.311087 99.070000 409.320000 53.420000 49.690000
87,1076,0.570562 181.050000 618.660000 70.270000 11.400000 0.385695 989.860000 130.380000 12.520000 46.750000
88,1077,0.300827 82.360000 325.310000 65.360000 36.490000 0.261405 427.110000 611.010000 32.120000 58.880000
89,1078, 
90,1079,0.365384 17.030000 679.060000 41.570000 30.680000
91,108,0.579278 9.410000 361.900000 27.420000 48.940000
92,1080, 
93,1081, 
94,1082, 
95,1083, 
96,1084, 
97,1085, 
98,1086, 
99,1087, 
100,1088, 
101,1089,0.252585 992.220000 521.200000 28.540000 21.560000
102,109, 
103,1090, 
104,1091, 
105,1092, 
106,1093, 
107,1094, 
108,1095, 
109,1096, 
110,1097,0.753557 761.770000 834.840000 49.360000 8.330000 0.304912 928.330000 350.970000 65.020000 35.360000 0.229889 15.690000 874.330000 52.830000 57.050000
111,1098,0.244304 338.650000 462.250000 12.550000 66.390000
112,1099, 
113,11, 
114,110,0.275341 2.340000 33.230000 40.270000 44.930000
115,1100,0.298187 842.780000 441.710000 41.810000 12.100000
116,1101, 
117,1102, 
118,1103,0.274986 0.100000 24.110000 51.330000 36.130000
119,1104, 
120,1105, 
121,1106,0.280203 142.400000 359.270000 65.590000 14.050000
122,1107,0.569773 647.630000 655.270000 67.740000 80.380000
123,1108, 
124,1109, 
125,111,0.650054 1.590000 123.320000 70.010000 33.590000
126,1110,0.266317 750.850000 659.840000 36.210000 13.880000
127,1111,0.620095 969.380000 596.800000 22.730000 69.280000
128,1112, 
129,1113, 
130,1114, 
131,1115, 
132,1116, 
133,1117,0.245657 984.870000 735.530000 13.450000 58.520000
134,1118, 
135,1119, 
136,112, 
137,1120, 
138,1121, 
139,1122, 
140,1123,0.242725 61.800000 111.500000 19.490000 27.080000
141,1124, 
142,1125, 
143,1126,0.439045 846.290000 462.630000 73.640000 23.370000
144,1127,0.430978 726.240000 635.330000 46.440000 103.000000
145,1128, 
146,1129, 
147,113,0.429817 780.440000 440.270000 16.400000 36.810000 0.421982 999.160000 673.820000 13.340000 43.860000 0.379422 555.050000 356.980000 19.270000 25.090000
148,1130, 
149,1131,0.313724 539.240000 486.920000 21.490000 56.480000
150,1132, 
151,1133,0.273710 28.980000 987.410000 45.370000 11.820000 0.265666 9.510000 990.800000 56.070000 23.220000 0.260095 357.510000 608.460000 23.980000 48.730000
152,1134,0.255881 67.780000 640.390000 34.550000 47.630000
153,1135, 
154,1136, 
155,1137, 
156,1138, 
157,1139,0.241120 612.760000 974.170000 45.420000 16.230000
158,114, 
159,1140, 
160,1141,0.661954 607.070000 914.460000 83.420000 13.980000
161,1142, 
162,1143,0.312124 227.110000 502.260000 46.460000 25.540000
163,1144, 
164,1145, 
165,1146,0.289089 2.540000 997.260000 14.360000 24.160000
166,1147, 
167,1148, 
168,1149, 
169,115, 
170,1150, 
171,1151, 
172,1152,0.241370 81.370000 943.660000 22.480000 25.910000
173,1153, 
174,1154, 
175,1155, 
176,1156, 
177,1157, 
178,1158,0.244385 706.130000 376.460000 27.090000 27.060000
179,1159,0.246519 140.510000 648.220000 41.330000 16.350000
180,116,0.687176 438.690000 271.230000 67.220000 26.890000
181,1160, 
182,1161,0.229613 781.590000 814.270000 24.190000 46.150000
183,1162, 
184,1163, 
185,1164, 
186,1165, 
187,1166,0.238823 386.100000 4.110000 51.520000 11.880000
188,1167, 
189,1168, 
190,1169, 
191,117, 
192,1170,0.387277 884.120000 335.560000 10.550000 50.500000
193,1171,0.459135 368.180000 496.580000 40.910000 39.200000
194,1172, 
195,1173,0.234453 348.780000 486.400000 19.450000 25.680000
196,1174, 
197,1175, 
198,1176, 
199,1177, 
200,1178,0.482051 650.960000 411.930000 11.080000 46.710000
201,1179,0.402244 267.030000 107.540000 16.250000 32.950000
202,118,0.300037 945.660000 302.540000 68.860000 22.520000
203,1180, 
204,1181,0.738820 7.400000 363.460000 43.760000 10.970000 0.288026 1008.010000 571.930000 14.350000 36.560000
205,1182,0.345108 905.930000 975.290000 48.040000 46.720000
206,1183, 
207,1184, 
208,1185,0.588141 328.320000 771.590000 36.790000 54.090000
209,1186,0.531838 859.590000 638.700000 40.570000 14.530000
210,1187, 
211,1188, 
212,1189,0.459992 799.680000 305.470000 16.340000 49.660000 0.317660 747.720000 326.120000 21.670000 28.050000
213,119, 
214,1190,0.248282 729.780000 887.110000 68.230000 38.880000
215,1191, 
216,1192,0.277203 200.820000 860.700000 35.510000 44.490000
217,1193, 
218,1194, 
219,1195,0.417172 577.630000 532.870000 33.790000 46.520000
220,1196, 
221,1197,0.318274 1.580000 909.060000 20.960000 19.610000
222,1198, 
223,1199,0.296026 248.910000 191.380000 43.590000 43.140000
224,12,0.424880 959.370000 657.710000 45.170000 32.630000
225,120,0.489184 190.070000 424.370000 35.410000 8.230000
226,1200,0.271189 459.660000 536.050000 29.020000 55.960000
227,1201, 
228,1202, 
229,1203, 
230,1204, 
231,1205,0.469507 794.250000 786.180000 12.240000 29.900000
232,1206, 
233,1207,0.321044 654.370000 793.750000 19.900000 32.100000
234,1208, 
235,1209, 
236,121,0.399480 520.680000 289.020000 18.110000 70.870000
237,1210, 
238,1211, 
239,1212, 
240,1213,0.412266 600.280000 130.110000 10.130000 33.070000
241,1214, 
242,1215, 
243,1216, 
244,1217, 
245,1218, 
246,1219, 
247,122, 
248,1220, 
249,1221, 
250,1222, 
251,1223,0.252295 762.250000 291.570000 40.720000 10.080000
252,1224,0.439075 559.450000 719.630000 40.180000 41.180000
253,1225, 
254,1226, 
255,1227, 
256,1228, 
257,1229, 
258,123, 
259,1230, 
260,1231,0.253413 833.060000 329.510000 51.760000 40.010000
261,1232, 
262,1233, 
263,1234,0.321325 693.540000 923.850000 33.490000 12.940000
264,1235, 
265,1236,0.384299 793.520000 355.000000 11.550000 34.110000
266,1237, 
267,1238, 
268,1239,0.253160 780.050000 514.590000 55.170000 16.210000
269,124,0.277615 234.240000 988.730000 53.640000 25.460000
270,1240, 
271,1241,0.229143 981.220000 343.500000 35.950000 43.940000
272,1242, 
273,1243,0.549288 742.470000 577.120000 11.880000 65.080000
274,1244,0.339281 628.120000 402.750000 80.650000 9.250000
275,1245,0.411223 807.170000 773.780000 35.570000 55.670000
276,1246, 
277,1247, 
278,1248, 
279,1249, 
280,125, 
281,1250, 
282,1251, 
283,1252,0.354107 609.090000 558.230000 36.690000 38.000000
284,1253, 
285,1254,0.231483 538.630000 32.070000 24.260000 52.260000
286,1255, 
287,1256, 
288,1257, 
289,1258,0.504815 676.360000 681.220000 38.780000 14.420000
290,1259,0.354146 874.590000 269.670000 12.110000 32.190000
291,126, 
292,1260, 
293,1261, 
294,1262, 
295,1263,0.614192 721.100000 670.210000 11.580000 76.280000 0.289668 147.470000 730.630000 14.240000 25.290000
296,1264, 
297,1265, 
298,1266, 
299,1267,0.255157 547.600000 890.850000 15.660000 66.320000
300,1268, 
301,1269,0.236608 916.020000 993.760000 23.760000 18.680000
302,127, 
303,1270,0.297178 192.490000 687.600000 22.640000 44.440000
304,1271,0.538431 302.310000 827.120000 10.340000 43.750000
305,1272, 
306,1273,0.395588 734.220000 102.440000 70.690000 33.220000 0.333894 273.970000 271.590000 24.890000 10.540000
307,1274, 
308,1275, 
309,1276,0.310440 275.030000 421.960000 37.240000 56.880000
310,1277,0.298512 402.660000 782.560000 42.790000 66.840000
311,1278, 
312,1279,0.730951 19.810000 874.470000 35.990000 60.010000 0.407687 368.050000 162.880000 37.460000 41.510000
313,128,0.826123 11.560000 655.780000 24.350000 83.350000
314,1280, 
315,1281,0.233945 273.060000 719.090000 69.780000 12.940000
316,1282,0.256260 464.050000 541.640000 19.260000 39.150000
317,1283, 
318,1284,0.282923 208.800000 735.420000 16.860000 42.990000
319,1285, 
320,1286, 
321,1287,0.595792 650.050000 827.000000 8.430000 43.370000
322,1288,0.298202 346.690000 278.250000 63.430000 24.200000 0.258137 379.470000 94.440000 37.330000 44.200000
323,1289,0.443327 411.330000 115.010000 57.810000 12.400000 0.286906 725.250000 590.950000 26.730000 39.830000
324,129,0.309877 153.310000 468.130000 20.360000 64.310000
325,1290,0.426246 725.730000 72.280000 61.480000 27.790000
326,1291, 
327,1292,0.440266 280.240000 413.130000 54.540000 32.570000 0.335101 659.910000 762.240000 36.950000 42.560000
328,1293, 
329,1294,0.289278 927.090000 178.230000 43.410000 8.950000
330,1295, 
331,1296, 
332,1297,0.333861 687.060000 808.400000 38.870000 57.560000
333,1298, 
334,1299, 
335,13, 
336,130,0.309193 753.940000 501.440000 45.240000 27.110000
337,1300, 
338,1301, 
339,1302,0.229459 817.220000 366.000000 74.520000 33.140000
340,1303, 
341,1304,0.497350 0.000000 618.720000 64.810000 10.060000
342,1305, 
343,1306,0.451700 158.750000 546.980000 13.980000 27.310000
344,1307,0.373904 27.240000 2.150000 33.560000 37.080000
345,1308, 
346,1309, 
347,131, 
348,1310, 
349,1311, 
350,1312, 
351,1313, 
352,1314,0.759123 754.460000 768.500000 53.340000 98.610000 0.302576 431.560000 517.800000 75.230000 11.870000 0.230491 296.460000 295.630000 61.930000 32.930000
353,1315, 
354,1316,0.333854 85.870000 286.780000 9.820000 37.770000
355,1317, 
356,1318,0.472047 94.650000 454.130000 41.750000 8.690000 0.300025 9.070000 964.460000 24.640000 46.480000
357,1319, 
358,132, 
359,1320,0.231205 99.860000 473.580000 37.210000 14.460000
360,1321, 
361,1322,0.360837 443.470000 883.150000 14.040000 43.190000
362,1323, 
363,1324, 
364,1325,0.444381 452.720000 5.330000 57.240000 9.870000
365,1326, 
366,1327, 
367,1328, 
368,1329, 
369,133, 
370,1330, 
371,1331,0.354483 564.630000 645.370000 61.840000 49.940000 0.235659 529.160000 300.890000 40.400000 13.610000
372,1332, 
373,1333, 
374,1334, 
375,1335,0.590162 825.160000 433.800000 21.260000 73.770000
376,1336,0.369688 552.990000 882.890000 15.680000 32.350000
377,1337, 
378,1338, 
379,1339, 
380,134,0.305779 492.300000 36.280000 62.690000 40.330000 0.279487 932.470000 174.850000 45.270000 12.480000
381,1340,0.264505 430.090000 419.240000 39.160000 47.170000
382,1341, 
383,1342, 
384,1343, 
385,1344, 
386,1345,0.232426 993.430000 203.580000 21.430000 15.590000
387,1346, 
388,1347,0.348055 591.650000 534.720000 9.880000 38.060000 0.235845 966.320000 132.990000 22.990000 20.030000
389,1348, 
390,1349,0.439322 35.310000 32.330000 8.960000 36.070000 0.303690 133.770000 588.590000 28.420000 67.430000
391,135, 
392,1350, 
393,1351, 
394,1352, 
395,1353, 
396,1354, 
397,1355, 
398,1356, 
399,1357,0.303023 852.380000 528.440000 10.930000 46.450000
400,1358, 
401,1359, 
402,136,0.512129 616.680000 425.580000 32.520000 53.140000
403,1360, 
404,1361, 
405,1362, 
406,1363, 
407,1364, 
408,1365,0.513022 362.680000 679.660000 53.230000 10.060000
409,1366, 
410,1367, 
411,1368, 
412,1369, 
413,137, 
414,1370, 
415,1371, 
416,1372, 
417,1373, 
418,1374,0.286975 886.060000 898.280000 8.190000 44.160000
419,1375, 
420,1376, 
421,1377, 
422,1378,0.431390 333.260000 610.100000 65.580000 30.640000
423,1379, 
424,138, 
425,1380, 
426,1381, 
427,1382,0.357819 220.440000 0.000000 21.280000 49.410000 0.344019 545.700000 653.670000 12.950000 40.140000
428,1383, 
429,1384,0.574818 60.880000 524.010000 45.850000 12.040000 0.421331 139.810000 896.530000 30.070000 10.610000
430,1385, 
431,1386,0.324640 931.830000 801.630000 16.700000 21.740000
432,1387, 
433,1388, 
434,1389, 
435,139, 
436,1390, 
437,1391,0.345305 998.880000 4.400000 19.330000 70.230000 0.259256 146.430000 889.720000 19.130000 30.990000
438,1392, 
439,1393,0.300508 186.850000 606.310000 41.100000 48.060000
440,1394,0.315208 562.040000 917.870000 19.500000 21.750000
441,1395,0.313319 9.420000 889.940000 25.510000 21.880000
442,1396, 
443,1397, 
444,1398, 
445,1399, 
446,14, 
447,140, 
448,1400,0.253286 131.000000 712.060000 27.060000 47.730000
449,1401, 
450,1402,0.417937 778.270000 974.600000 52.210000 22.290000
451,1403, 
452,1404, 
453,1405, 
454,1406, 
455,1407,0.448408 225.980000 770.950000 35.630000 12.350000
456,1408,0.314291 301.530000 582.700000 46.970000 45.000000
457,1409,0.431390 804.600000 408.880000 15.410000 82.190000
458,141,0.346564 440.730000 371.430000 29.390000 48.780000 0.305971 497.660000 874.720000 52.590000 48.070000
459,1410, 
460,1411, 
461,1412,0.281408 398.160000 216.550000 22.860000 51.850000
462,1413, 
463,1414, 
464,1415, 
465,1416, 
466,1417,0.285573 986.980000 179.050000 23.510000 58.220000 0.247893 656.250000 625.520000 56.420000 18.750000
467,1418, 
468,1419,0.343496 616.150000 441.510000 62.820000 19.170000 0.231690 582.360000 486.050000 35.260000 49.090000 0.230959 486.890000 899.110000 40.950000 34.080000
469,142, 
470,1420,0.248650 453.690000 577.270000 30.480000 15.200000
471,1421, 
472,1422, 
473,1423,0.229828 846.350000 516.520000 32.100000 14.380000
474,1424, 
475,1425, 
476,1426, 
477,1427, 
478,1428, 
479,1429, 
480,143,0.354991 654.990000 597.140000 29.080000 57.780000 0.238487 667.820000 699.160000 19.060000 32.290000
481,1430, 
482,1431,0.387814 545.830000 304.520000 40.320000 10.410000 0.352483 976.300000 666.700000 43.970000 47.070000 0.238241 677.990000 858.430000 18.280000 30.770000
483,1432, 
484,1433,0.231521 559.610000 260.040000 31.130000 55.080000
485,1434, 
486,1435,0.417893 562.920000 934.870000 65.450000 10.760000
487,1436,0.748524 791.400000 87.120000 18.990000 89.510000
488,1437, 
489,1438,0.407446 10.390000 323.090000 23.780000 46.990000
490,1439,0.364857 373.290000 59.410000 49.900000 10.430000
491,144, 
492,1440,0.315117 14.960000 623.610000 40.220000 50.770000 0.254234 930.800000 673.380000 41.160000 8.990000
493,1441, 
494,1442,0.297269 674.500000 447.560000 9.830000 84.290000
495,1443,0.257147 20.320000 875.370000 21.300000 30.560000
496,1444,0.444831 425.960000 629.810000 7.990000 50.640000
497,1445, 
498,1446,0.451986 91.500000 106.540000 68.120000 11.660000 0.327482 719.580000 133.470000 36.180000 40.790000
499,1447, 
500,1448,0.467550 428.400000 731.380000 62.060000 9.430000 0.333456 847.700000 28.960000 29.370000 42.330000
501,1449, 
502,145,0.372634 130.060000 673.260000 66.020000 9.190000
503,1450, 
504,1451,0.712987 536.930000 251.890000 10.450000 40.580000 0.582083 259.800000 801.180000 21.650000 78.100000
505,1452,0.627421 159.140000 580.910000 52.660000 8.540000
506,1453, 
507,1454,0.306037 937.080000 157.080000 41.710000 44.820000
508,1455,0.646020 752.970000 307.580000 117.180000 56.890000
509,1456, 
510,1457, 
511,1458, 
512,1459,0.271706 743.470000 37.250000 64.800000 41.090000
513,146,0.447666 708.640000 890.050000 28.090000 55.610000
514,1460,0.505525 125.740000 447.770000 67.330000 8.590000 0.417101 581.760000 106.440000 35.950000 36.650000
515,1461, 
516,1462, 
517,1463, 
518,1464, 
519,1465,0.241812 606.970000 442.550000 18.350000 60.680000
520,1466,0.268635 978.480000 850.410000 14.180000 28.130000
521,1467, 
522,1468, 
523,1469, 
524,147,0.310046 152.030000 22.870000 26.390000 44.240000
525,1470, 
526,1471,0.387243 563.600000 356.010000 27.490000 57.380000
527,1472,0.314783 581.550000 710.780000 33.330000 11.510000
528,1473, 
529,1474,0.346929 13.210000 890.330000 13.170000 38.170000
530,1475, 
531,1476,0.431398 105.650000 383.740000 9.750000 59.560000
532,1477,0.233042 977.050000 925.650000 18.920000 25.570000
533,1478,0.325260 904.310000 157.540000 64.380000 42.490000
534,1479,0.481350 210.340000 404.720000 14.700000 36.350000
535,148, 
536,1480, 
537,1481, 
538,1482,0.373633 827.520000 456.140000 9.180000 42.910000 0.334441 529.560000 607.430000 54.060000 22.360000
539,1483,0.231846 197.160000 695.290000 64.040000 27.150000
540,1484, 
541,1485,0.545943 27.360000 476.180000 29.960000 65.300000
542,1486,0.381397 863.490000 314.220000 30.550000 55.210000
543,1487, 
544,1488, 
545,1489,0.289503 162.090000 880.650000 40.220000 36.130000
546,149,0.450361 946.270000 896.750000 31.250000 48.340000 0.371608 904.540000 66.470000 76.910000 34.940000
547,1490, 
548,1491, 
549,1492, 
550,1493,0.244201 971.180000 892.930000 11.450000 35.400000
551,1494, 
552,1495,0.413505 771.270000 342.520000 49.500000 15.340000
553,1496, 
554,1497, 
555,1498, 
556,1499,0.506656 987.860000 762.880000 25.320000 64.980000
557,15, 
558,150,0.372105 675.440000 303.500000 49.590000 35.690000 0.366507 667.610000 965.150000 47.030000 35.390000
559,1500, 
560,1501, 
561,1502,0.448284 304.990000 515.420000 28.330000 14.920000
562,1503,0.231327 723.580000 5.800000 55.280000 10.450000
563,1504,0.435636 1006.800000 321.440000 11.090000 55.510000
564,1505, 
565,1506,0.371488 871.040000 743.790000 14.700000 32.480000
566,1507,0.344527 165.840000 215.320000 14.780000 48.300000
567,1508,0.269542 912.760000 728.710000 28.960000 49.150000 0.244805 70.060000 85.640000 22.280000 58.210000
568,1509,0.272958 391.210000 276.400000 30.310000 52.450000
569,151,0.415229 826.560000 234.280000 8.140000 35.720000 0.296377 1005.660000 880.790000 11.950000 34.900000
570,1510,0.390222 214.130000 771.500000 57.680000 9.890000
571,1511,0.227650 329.760000 689.370000 28.740000 16.070000
572,1512, 
573,1513, 
574,1514, 
575,1515, 
576,1516, 
577,1517, 
578,1518, 
579,1519, 
580,152, 
581,1520, 
582,1521, 
583,1522,0.347550 982.080000 840.370000 38.790000 55.370000
584,1523, 
585,1524, 
586,1525, 
587,1526,0.404049 768.100000 619.720000 25.580000 55.950000
588,1527,0.233999 408.780000 835.270000 23.110000 24.050000
589,1528, 
590,1529,0.398374 668.460000 253.200000 14.830000 31.230000
591,153, 
592,1530,0.422761 693.430000 48.430000 9.850000 85.020000
593,1531, 
594,1532,0.237411 592.130000 96.280000 34.630000 56.800000
595,1533, 
596,1534, 
597,1535,0.395267 198.990000 9.400000 11.920000 40.920000
598,1536,0.486686 474.530000 80.590000 25.600000 55.850000
599,1537,0.658580 238.490000 253.510000 100.160000 28.450000
600,1538,0.358755 487.580000 3.360000 54.080000 7.800000
601,1539, 
602,154, 
603,1540, 
604,1541, 
605,1542,0.480703 825.430000 913.530000 53.360000 13.980000
606,1543,0.629329 426.610000 559.410000 47.410000 95.230000 0.297377 798.210000 10.900000 45.970000 23.270000
607,1544, 
608,1545, 
609,1546, 
610,1547,0.264633 898.290000 621.870000 44.190000 11.480000
611,1548, 
612,1549, 
613,155,0.270200 833.040000 938.790000 41.910000 54.760000
614,1550,0.282941 433.050000 490.620000 16.490000 23.180000
615,1551, 
616,1552, 
617,1553,0.250583 744.330000 804.400000 55.710000 27.480000
618,1554, 
619,1555, 
620,1556, 
621,1557, 
622,1558,0.341974 252.590000 355.040000 15.290000 29.110000
623,1559, 
624,156,0.776243 574.310000 43.910000 135.920000 73.950000 0.406543 557.450000 212.760000 16.070000 49.210000 0.392567 79.650000 717.060000 35.140000 50.000000
625,1560, 
626,1561,0.561811 804.780000 123.560000 60.730000 35.910000
627,1562, 
628,1563, 
629,1564,0.350129 682.340000 137.570000 36.960000 11.580000 0.229059 14.010000 103.440000 12.360000 27.250000
630,1565,0.254508 878.870000 351.950000 9.240000 31.280000
631,1566, 
632,1567, 
633,1568, 
634,1569, 
635,157,0.341025 176.230000 401.550000 29.970000 16.780000
636,1570, 
637,1571, 
638,1572, 
639,1573,0.393000 732.810000 827.050000 9.300000 49.790000
640,1574, 
641,1575, 
642,1576, 
643,1577, 
644,1578, 
645,1579, 
646,158,0.386658 382.220000 797.690000 32.450000 17.990000 0.332812 14.790000 833.710000 36.570000 8.640000
647,1580,0.257921 126.390000 523.190000 32.440000 12.100000 0.256860 121.680000 706.260000 48.660000 28.410000
648,1581, 
649,1582, 
650,1583,0.438740 691.040000 755.930000 65.390000 39.660000 0.318357 552.390000 747.170000 10.460000 86.240000
651,1584, 
652,1585, 
653,1586, 
654,1587, 
655,1588, 
656,1589,0.597050 353.470000 959.200000 9.970000 62.210000 0.555578 802.100000 552.590000 62.890000 32.710000
657,159,0.825276 18.010000 397.340000 89.960000 20.400000 0.448113 695.810000 686.830000 29.190000 65.800000
658,1590, 
659,1591, 
660,1592,0.257694 134.190000 265.950000 19.870000 63.180000
661,1593, 
662,1594, 
663,1595,0.245415 822.840000 618.540000 36.050000 42.540000
664,1596, 
665,1597, 
666,1598, 
667,1599, 
668,16,0.255898 789.470000 870.780000 18.770000 53.800000
669,160, 
670,1600, 
671,1601, 
672,1602,0.377868 581.910000 14.380000 29.570000 12.670000
673,1603,0.323045 4.260000 149.180000 64.370000 19.410000 0.284398 377.970000 43.300000 35.780000 40.140000 0.274856 495.940000 620.510000 17.970000 31.880000
674,1604, 
675,1605,0.494383 276.500000 105.910000 14.340000 76.580000 0.421854 964.310000 907.000000 47.840000 28.820000 0.232995 158.670000 2.770000 55.330000 21.700000
676,1606, 
677,1607, 
678,1608,0.527822 851.620000 194.160000 12.110000 41.260000 0.367275 279.740000 453.700000 82.670000 35.000000
679,1609, 
680,161,0.596856 825.150000 454.910000 63.330000 37.590000 0.292090 454.730000 254.790000 16.570000 41.250000
681,1610, 
682,1611, 
683,1612,0.252678 287.110000 263.210000 14.700000 41.370000
684,1613,0.447809 67.910000 245.640000 10.510000 72.670000 0.295992 828.960000 32.120000 31.340000 57.490000
685,1614, 
686,1615, 
687,1616,0.268566 152.930000 704.390000 24.620000 19.990000
688,1617, 
689,1618,0.850360 950.440000 572.840000 20.180000 79.710000 0.592555 118.710000 7.930000 56.140000 29.530000 0.239251 503.480000 565.270000 24.440000 55.070000 0.230333 922.310000 16.080000 54.450000 74.860000
690,1619, 
691,162, 
692,1620,0.427333 995.260000 20.180000 22.820000 69.360000 0.343761 427.690000 339.590000 9.340000 51.470000
693,1621,0.281957 526.350000 769.880000 61.120000 42.860000
694,1622,0.240088 97.050000 512.510000 44.690000 86.350000
695,1623, 
696,1624,0.262405 370.460000 555.390000 27.810000 51.460000
697,1625, 
698,1626,0.327309 429.550000 483.300000 39.170000 11.530000
699,1627,0.333662 903.690000 636.520000 28.630000 52.870000 0.243486 411.310000 44.970000 52.020000 28.850000
700,1628, 
701,1629,0.259355 542.400000 772.260000 34.520000 42.300000
702,163, 
703,1630, 
704,1631, 
705,1632, 
706,1633, 
707,1634, 
708,1635,0.320745 25.330000 197.520000 64.840000 19.010000
709,1636, 
710,1637, 
711,1638, 
712,1639,0.245912 402.920000 523.310000 30.170000 22.630000
713,164, 
714,1640, 
715,1641, 
716,1642,0.466240 687.620000 223.830000 15.910000 24.530000 0.277457 657.100000 856.170000 46.570000 48.230000
717,1643, 
718,1644,0.455372 613.550000 150.880000 30.000000 69.760000
719,1645, 
720,1646, 
721,1647,0.537040 642.140000 7.020000 9.520000 60.480000 0.339637 132.530000 574.240000 41.570000 14.030000
722,1648,0.246749 412.570000 478.860000 21.350000 77.970000
723,1649,0.362730 300.940000 782.280000 42.010000 15.140000 0.300959 935.640000 528.710000 55.890000 32.740000
724,165, 
725,1650, 
726,1651, 
727,1652, 
728,1653,0.477230 516.990000 193.370000 30.350000 71.440000
729,1654, 
730,1655,0.596353 205.110000 375.340000 53.000000 7.640000
731,1656,0.344447 16.310000 70.680000 54.640000 18.250000
732,1657, 
733,1658,0.381929 388.590000 744.000000 50.250000 29.500000
734,1659, 
735,166, 
736,1660, 
737,1661,0.435898 285.260000 957.780000 37.260000 51.370000
738,1662,0.506710 296.850000 548.270000 26.830000 62.070000
739,1663,0.303523 309.040000 168.100000 24.050000 94.880000
740,1664,0.623692 818.280000 801.970000 43.170000 13.640000
741,1665, 
742,1666, 
743,1667, 
744,1668, 
745,1669, 
746,167,0.251366 231.830000 980.380000 72.640000 11.800000
747,1670,0.482548 8.280000 976.190000 60.730000 20.150000
748,1671, 
749,1672, 
750,1673, 
751,1674, 
752,1675,0.373330 900.180000 709.160000 50.020000 57.730000
753,1676,0.345186 3.990000 278.050000 59.310000 29.950000
754,1677, 
755,1678, 
756,1679, 
757,168, 
758,1680,0.256608 3.650000 90.490000 12.480000 46.280000 0.250173 111.030000 523.660000 30.560000 48.280000
759,1681, 
760,1682, 
761,1683, 
762,1684,0.350668 503.440000 833.970000 14.830000 47.020000
763,1685, 
764,1686,0.420277 847.270000 539.070000 12.220000 47.630000 0.248602 548.340000 694.210000 36.780000 37.870000
765,1687, 
766,1688, 
767,1689, 
768,169,0.274369 124.730000 395.640000 33.770000 49.870000
769,1690, 
770,1691, 
771,1692, 
772,1693,0.489561 804.720000 609.600000 55.130000 10.200000
773,1694,0.315508 299.450000 95.170000 50.590000 79.450000 0.276527 347.900000 214.980000 31.900000 83.940000
774,1695, 
775,1696, 
776,1697,0.258340 642.780000 622.160000 23.740000 55.400000
777,1698, 
778,1699, 
779,17, 
780,170, 
781,1700,0.289077 858.260000 719.890000 66.150000 9.270000
782,1701, 
783,1702,0.419258 136.520000 354.720000 10.850000 31.340000 0.351502 67.560000 907.230000 38.340000 42.200000
784,1703,0.537409 423.150000 62.990000 12.150000 41.770000 0.290902 880.860000 523.370000 74.520000 11.620000
785,1704,0.270059 441.370000 227.450000 20.730000 58.710000
786,1705, 
787,1706,0.291044 1000.220000 316.570000 19.940000 60.220000 0.259062 383.600000 1009.800000 36.900000 12.300000
788,1707,0.405763 881.450000 740.960000 27.760000 81.060000
789,1708, 
790,1709,0.492068 382.470000 469.750000 10.980000 50.290000
791,171, 
792,1710,0.477514 746.590000 258.130000 42.290000 12.410000
793,1711,0.449390 217.140000 67.630000 12.970000 50.220000
794,1712, 
795,1713, 
796,1714, 
797,1715, 
798,1716,0.233268 545.380000 198.370000 20.440000 25.580000
799,1717,0.241756 229.390000 854.790000 36.860000 67.170000
800,1718, 
801,1719, 
802,172, 
803,1720,0.351715 365.120000 186.710000 47.260000 12.700000 0.248847 355.130000 19.980000 18.400000 63.870000
804,1721, 
805,1722, 
806,1723,0.616493 547.950000 3.450000 59.850000 9.900000
807,1724,0.487433 903.440000 786.160000 28.080000 53.780000
808,1725,0.460059 420.800000 252.860000 45.490000 9.910000
809,1726, 
810,1727, 
811,1728,0.392556 106.130000 778.230000 28.700000 39.730000
812,1729,0.262661 529.880000 269.600000 41.230000 11.580000
813,173,0.541317 401.240000 220.990000 46.220000 9.700000
814,1730,0.244127 370.060000 300.510000 69.830000 26.210000
815,1731,0.344421 449.840000 739.650000 18.970000 35.110000
816,1732,0.367109 587.120000 491.430000 14.940000 64.900000 0.268168 156.950000 938.450000 51.670000 37.110000
817,1733, 
818,1734,0.451857 115.730000 239.720000 46.660000 12.950000 0.400867 623.470000 398.680000 21.530000 27.490000
819,1735,0.319597 1003.500000 487.720000 18.490000 22.870000
820,1736, 
821,1737,0.277286 359.000000 867.130000 63.360000 9.160000
822,1738,0.428149 62.860000 541.730000 30.170000 55.710000 0.412387 749.470000 606.960000 16.140000 22.200000
823,1739, 
824,174,0.414884 14.700000 3.300000 52.580000 27.720000
825,1740, 
826,1741,0.270604 353.810000 332.570000 35.080000 46.140000
827,1742, 
828,1743,0.539172 107.460000 96.960000 11.400000 69.780000
829,1744, 
830,1745, 
831,1746,0.364958 197.520000 950.830000 53.520000 33.530000
832,1747,0.234036 668.940000 22.640000 35.380000 112.790000
833,1748,0.295129 565.030000 731.900000 66.160000 48.740000
834,1749,0.261149 780.870000 908.970000 34.360000 46.020000
835,175,0.500222 950.700000 833.190000 64.210000 87.050000 0.486345 156.800000 622.910000 21.170000 54.770000
836,1750, 
837,1751, 
838,1752, 
839,1753,0.340273 420.160000 684.080000 54.430000 23.840000
840,1754,0.552661 462.770000 4.100000 55.890000 10.150000
841,1755,0.791865 690.630000 162.480000 109.520000 75.150000
842,1756,0.258325 597.710000 51.870000 20.990000 16.540000
843,1757, 
844,1758,0.270750 799.980000 603.450000 38.060000 15.920000
845,1759,0.271008 774.640000 446.260000 19.490000 75.840000
846,176,0.234643 16.780000 50.520000 14.320000 47.910000
847,1760, 
848,1761,0.230669 364.260000 169.320000 14.240000 49.610000
849,1762, 
850,1763, 
851,1764, 
852,1765,0.310948 917.060000 476.130000 19.520000 71.800000
853,1766,0.251966 577.010000 937.990000 48.350000 40.810000
854,1767,0.452025 517.760000 249.840000 69.000000 41.050000
855,1768,0.355765 200.200000 760.250000 37.150000 65.930000
856,1769,0.288224 945.060000 641.080000 44.200000 30.460000
857,177, 
858,1770,0.262534 252.840000 93.720000 21.480000 58.410000
859,1771, 
860,1772, 
861,1773, 
862,1774,0.401404 36.010000 994.190000 54.700000 26.650000 0.250541 630.740000 117.750000 14.010000 39.550000
863,1775, 
864,1776,0.285314 289.970000 829.740000 39.080000 52.210000
865,1777, 
866,1778,0.432697 423.890000 8.300000 54.430000 30.280000
867,1779,0.558932 855.530000 108.130000 9.630000 55.100000
868,178, 
869,1780,0.345214 938.330000 264.150000 11.650000 57.070000
870,1781,0.338530 487.650000 115.630000 26.060000 11.390000
871,1782, 
872,1783, 
873,1784, 
874,1785,0.398605 372.060000 885.860000 13.970000 29.260000
875,1786,0.250871 451.110000 546.880000 15.840000 53.020000
876,1787, 
877,1788,0.247952 580.010000 633.550000 28.950000 38.000000
878,1789, 
879,179, 
880,1790, 
881,1791, 
882,1792,0.271382 721.000000 514.690000 34.590000 33.740000
883,1793, 
884,1794, 
885,1795, 
886,1796,0.394773 846.230000 811.970000 26.440000 14.900000
887,1797,0.237536 836.470000 265.650000 40.360000 42.100000
888,1798, 
889,1799, 
890,18,0.280991 516.080000 491.060000 25.030000 17.560000
891,180, 
892,1800,0.573725 704.110000 92.190000 26.960000 77.640000
893,1801,0.414330 855.010000 960.390000 23.270000 58.200000
894,1802, 
895,1803,0.237908 508.010000 685.570000 44.910000 38.170000
896,1804, 
897,1805, 
898,1806, 
899,1807, 
900,1808, 
901,1809, 
902,181, 
903,1810, 
904,1811,0.291415 472.150000 317.090000 43.140000 45.920000
905,1812, 
906,1813, 
907,1814,0.299891 182.500000 40.960000 50.160000 53.550000
908,1815, 
909,1816, 
910,1817, 
911,1818,0.467552 329.480000 916.360000 10.940000 44.620000
912,1819,0.240133 680.840000 360.030000 57.800000 11.720000
913,182, 
914,1820, 
915,1821, 
916,1822,0.310519 789.590000 462.180000 63.240000 16.230000
917,1823, 
918,1824,0.267803 385.730000 512.070000 26.690000 15.050000 0.240804 915.010000 613.000000 49.410000 47.010000
919,1825, 
920,1826, 
921,1827, 
922,1828, 
923,1829, 
924,183,0.356083 184.890000 253.680000 29.780000 64.390000
925,1830, 
926,1831, 
927,1832, 
928,1833,0.425297 768.590000 19.960000 24.200000 62.990000 0.274061 70.170000 797.780000 18.190000 27.290000
929,1834,0.761385 46.530000 627.990000 8.840000 56.180000
930,1835,0.292505 37.840000 118.050000 33.080000 65.050000
931,1836, 
932,1837,0.432877 145.650000 126.030000 45.090000 36.540000 0.248220 485.410000 474.100000 74.810000 55.430000
933,1838, 
934,1839, 
935,184, 
936,1840, 
937,1841, 
938,1842, 
939,1843, 
940,1844,0.381434 930.250000 444.980000 73.880000 78.160000
941,1845, 
942,1846, 
943,1847,0.238114 50.210000 943.350000 45.300000 14.030000
944,1848,0.349088 709.930000 930.950000 45.910000 52.510000
945,1849, 
946,185,0.478455 151.740000 195.200000 8.050000 53.530000 0.245372 270.480000 297.350000 66.140000 26.670000
947,1850,0.543784 620.620000 269.760000 33.230000 70.430000
948,1851, 
949,1852,0.313109 117.230000 385.900000 51.530000 9.820000
950,1853, 
951,1854, 
952,1855,0.557439 519.040000 234.720000 9.440000 39.820000
953,1856, 
954,1857, 
955,1858,0.520609 936.670000 624.800000 11.700000 66.380000 0.377636 249.330000 844.180000 13.430000 47.400000 0.321583 322.680000 227.950000 39.540000 41.540000
956,1859, 
957,186, 
958,1860,0.359552 453.400000 329.720000 34.240000 16.330000
959,1861,0.560268 759.670000 472.520000 12.040000 54.160000 0.348500 776.350000 652.480000 70.050000 38.710000
960,1862,0.705308 11.280000 320.050000 23.390000 57.670000 0.572495 24.870000 147.670000 9.390000 51.250000
961,1863, 
962,1864, 
963,1865, 
964,1866,0.242956 24.950000 386.340000 47.120000 9.150000
965,1867, 
966,1868, 
967,1869, 
968,187, 
969,1870,0.235966 373.820000 634.740000 109.710000 28.800000
970,1871,0.571281 831.200000 771.700000 44.790000 58.360000 0.266216 421.010000 654.970000 33.180000 17.920000
971,1872, 
972,1873,0.271516 714.280000 567.680000 35.630000 52.600000
973,1874,0.338468 484.160000 391.700000 38.690000 11.040000
974,1875,0.343430 905.280000 703.760000 17.920000 29.560000
975,1876, 
976,1877, 
977,1878, 
978,1879, 
979,188,0.406834 573.730000 539.310000 57.610000 11.750000
980,1880, 
981,1881, 
982,1882, 
983,1883, 
984,1884, 
985,1885, 
986,1886, 
987,1887,0.462455 353.210000 114.840000 10.830000 33.780000
988,1888, 
989,1889, 
990,189,0.367830 912.650000 170.500000 20.240000 77.670000
991,1890,0.335518 661.030000 497.030000 37.380000 33.050000 0.231956 21.940000 841.340000 31.140000 17.920000
992,1891, 
993,1892, 
994,1893, 
995,1894, 
996,1895, 
997,1896, 
998,1897, 
999,1898, 
1000,1899, 
1001,19, 
1002,190,0.686024 111.250000 906.510000 56.760000 36.200000
1003,1900, 
1004,1901,0.375070 123.070000 265.630000 28.000000 54.640000 0.289334 913.310000 586.490000 21.840000 49.730000
1005,1902, 
1006,1903, 
1007,1904,0.681906 108.210000 842.260000 9.480000 61.220000 0.385232 968.270000 884.250000 30.810000 49.150000 0.255990 722.380000 455.010000 25.730000 10.370000
1008,1905, 
1009,1906, 
1010,1907,0.411681 738.670000 790.670000 37.200000 15.870000
1011,1908,0.478774 67.490000 147.390000 40.230000 34.790000 0.251871 547.530000 97.140000 16.660000 35.900000
1012,1909, 
1013,191,0.415489 900.170000 640.880000 43.970000 33.810000 0.322943 237.280000 562.630000 24.010000 21.720000
1014,1910, 
1015,1911,0.443566 267.730000 86.470000 14.110000 46.010000
1016,1912,0.233537 559.570000 121.230000 43.790000 38.070000
1017,1913, 
1018,1914,0.342561 258.310000 436.910000 26.180000 61.320000 0.300702 222.670000 866.420000 11.610000 32.390000
1019,1915, 
1020,1916, 
1021,1917,0.367193 321.020000 483.940000 28.000000 17.870000
1022,1918, 
1023,1919, 
1024,192,0.514869 422.640000 811.240000 15.820000 30.900000
1025,1920, 
1026,1921, 
1027,1922,0.450199 961.090000 269.720000 48.930000 33.240000 0.416043 776.550000 856.990000 43.850000 34.690000
1028,1923, 
1029,1924,0.228185 486.440000 383.090000 44.070000 14.160000
1030,1925,0.381173 597.240000 922.720000 21.800000 19.390000
1031,1926,0.549580 452.820000 766.420000 30.630000 62.230000
1032,1927, 
1033,1928, 
1034,1929, 
1035,193,0.283972 126.370000 265.060000 35.550000 19.160000
1036,1930,0.413490 51.800000 826.650000 28.860000 56.510000 0.318514 947.980000 573.990000 40.500000 38.190000 0.246190 819.220000 381.630000 50.210000 19.240000
1037,1931, 
1038,1932, 
1039,1933,0.559087 610.120000 530.100000 48.920000 7.620000
1040,1934, 
1041,1935, 
1042,1936, 
1043,1937,0.232835 302.570000 909.350000 41.770000 33.880000
1044,1938, 
1045,1939, 
1046,194,0.295952 480.170000 368.490000 8.890000 46.330000
1047,1940, 
1048,1941, 
1049,1942,0.456873 126.550000 904.200000 51.700000 95.060000 0.331318 19.160000 435.260000 33.450000 8.740000
1050,1943, 
1051,1944, 
1052,1945,0.314397 169.110000 604.110000 13.080000 61.080000
1053,1946, 
1054,1947, 
1055,1948, 
1056,1949,0.744053 558.140000 519.510000 82.110000 22.370000
1057,195,0.267672 95.140000 822.500000 56.750000 20.920000
1058,1950,0.313755 528.960000 17.110000 12.750000 51.730000
1059,1951,0.448995 110.820000 545.600000 88.910000 24.160000
1060,1952,0.309694 19.630000 138.520000 8.450000 46.320000 0.241146 22.410000 138.760000 8.770000 47.770000
1061,1953,0.401887 786.090000 858.380000 25.330000 68.100000
1062,1954, 
1063,1955,0.360089 4.280000 971.480000 39.190000 26.810000
1064,1956, 
1065,1957, 
1066,1958,0.462065 60.950000 128.280000 32.800000 56.530000 0.360362 961.580000 390.580000 48.590000 14.330000
1067,1959,0.428726 831.890000 5.380000 25.640000 59.360000
1068,196,0.280977 915.950000 749.410000 37.150000 53.600000
1069,1960, 
1070,1961, 
1071,1962, 
1072,1963, 
1073,1964,0.289740 902.170000 201.750000 43.740000 9.440000
1074,1965,0.629494 967.440000 709.450000 12.470000 45.170000 0.398829 449.490000 80.320000 31.660000 55.290000
1075,1966, 
1076,1967, 
1077,1968,0.275197 795.760000 76.130000 9.010000 69.950000
1078,1969,0.273773 799.780000 363.510000 14.580000 25.870000
1079,197, 
1080,1970, 
1081,1971, 
1082,1972,0.417920 805.190000 147.210000 27.480000 41.780000
1083,1973,0.296145 939.610000 779.520000 10.260000 59.580000
1084,1974,0.413003 454.260000 375.550000 20.400000 64.900000
1085,1975,0.750657 379.700000 559.920000 90.410000 20.690000 0.536000 952.330000 628.130000 63.070000 10.740000 0.310214 564.610000 4.890000 47.300000 39.920000
1086,1976, 
1087,1977, 
1088,1978,0.254030 811.920000 231.110000 89.630000 63.430000
1089,1979,0.280533 327.990000 340.540000 48.020000 15.590000
1090,198,0.278785 200.510000 986.980000 41.360000 34.570000 0.272466 864.950000 590.370000 28.200000 48.250000
1091,1980,0.296617 141.230000 444.840000 66.290000 19.620000
1092,1981,0.228207 673.060000 18.710000 56.450000 32.530000
1093,1982,0.584644 706.350000 621.290000 65.500000 8.270000
1094,1983,0.558264 155.740000 792.210000 55.380000 9.640000
1095,1984, 
1096,1985,0.241506 617.690000 837.950000 28.620000 41.550000
1097,1986,0.247293 58.040000 537.560000 11.620000 29.730000
1098,1987,0.495097 677.000000 975.090000 38.250000 13.550000 0.314477 115.340000 533.710000 24.460000 54.560000
1099,1988, 
1100,1989, 
1101,199, 
1102,1990, 
1103,1991, 
1104,1992, 
1105,1993, 
1106,1994, 
1107,1995, 
1108,1996,0.235792 736.520000 728.590000 62.840000 21.420000
1109,1997, 
1110,1998,0.229915 343.580000 904.670000 36.280000 60.070000
1111,1999, 
1112,2,0.297766 637.710000 294.290000 43.400000 64.790000
1113,20,0.596615 380.650000 85.570000 20.190000 68.960000 0.333850 247.400000 518.970000 13.990000 55.490000
1114,200, 
1115,201,0.511415 410.620000 783.840000 55.290000 10.930000
1116,202, 
1117,203, 
1118,204,0.261388 401.110000 939.810000 46.990000 47.210000
1119,205,0.407552 754.260000 355.130000 33.950000 63.640000 0.279721 704.310000 612.060000 9.950000 39.210000
1120,206, 
1121,207, 
1122,208,0.326863 953.480000 482.470000 22.090000 49.330000
1123,209, 
1124,21, 
1125,210,0.335841 779.780000 269.440000 15.560000 28.560000
1126,211, 
1127,212,0.517974 0.000000 529.700000 47.030000 41.760000
1128,213,0.598722 539.460000 752.980000 8.440000 52.700000
1129,214, 
1130,215, 
1131,216,0.276537 954.330000 334.350000 11.500000 31.890000
1132,217, 
1133,218,0.636909 765.490000 523.410000 18.610000 84.180000
1134,219,0.255917 346.850000 762.150000 16.290000 29.650000
1135,22,0.660331 312.970000 394.730000 8.860000 55.090000
1136,220, 
1137,221, 
1138,222,0.551418 709.470000 90.340000 68.170000 29.710000
1139,223,0.411036 452.540000 121.240000 42.520000 32.710000
1140,224, 
1141,225, 
1142,226, 
1143,227, 
1144,228, 
1145,229,0.289893 789.820000 139.310000 11.880000 45.820000
1146,23, 
1147,230, 
1148,231, 
1149,232, 
1150,233, 
1151,234,0.326746 207.280000 200.570000 30.170000 45.480000 0.321945 484.020000 282.590000 10.540000 43.870000 0.306675 275.630000 147.570000 20.570000 34.940000
1152,235,0.258644 298.050000 7.640000 52.830000 50.310000
1153,236,0.311469 580.940000 189.030000 28.150000 38.250000
1154,237,0.418265 321.990000 332.930000 53.240000 21.900000 0.253319 856.240000 0.670000 19.940000 57.990000
1155,238, 
1156,239, 
1157,24, 
1158,240, 
1159,241, 
1160,242,0.296578 655.380000 940.690000 16.480000 34.060000 0.253302 625.030000 846.030000 20.320000 32.790000
1161,243,0.499072 776.330000 342.150000 88.870000 45.370000 0.437037 265.460000 352.040000 119.210000 59.530000
1162,244, 
1163,245, 
1164,246, 
1165,247, 
1166,248,0.337398 585.350000 410.020000 30.450000 48.530000
1167,249,0.228532 169.030000 305.310000 28.040000 44.800000
1168,25, 
1169,250, 
1170,251, 
1171,252, 
1172,253, 
1173,254, 
1174,255, 
1175,256, 
1176,257, 
1177,258, 
1178,259, 
1179,26,0.263182 576.250000 79.840000 8.420000 49.040000
1180,260,0.484718 604.210000 638.710000 23.610000 73.580000 0.279519 508.510000 781.740000 40.640000 48.030000
1181,261, 
1182,262, 
1183,263,0.534096 314.980000 744.200000 80.270000 8.930000 0.250840 614.450000 588.060000 17.290000 21.020000
1184,264,0.380466 322.600000 772.890000 9.890000 34.580000
1185,265, 
1186,266, 
1187,267,0.633106 268.770000 24.220000 47.680000 9.380000
1188,268, 
1189,269, 
1190,27,0.372971 812.980000 866.000000 77.060000 34.820000
1191,270, 
1192,271, 
1193,272, 
1194,273, 
1195,274,0.308647 916.240000 548.010000 25.380000 58.980000
1196,275, 
1197,276, 
1198,277, 
1199,278, 
1200,279, 
1201,28, 
1202,280, 
1203,281,0.233904 92.150000 120.220000 50.190000 32.170000
1204,282, 
1205,283, 
1206,284, 
1207,285,0.500249 865.530000 924.400000 25.590000 62.800000
1208,286, 
1209,287,0.609556 433.380000 733.330000 14.010000 46.000000 0.603775 847.140000 659.190000 27.190000 68.430000 0.539610 594.280000 956.470000 54.530000 10.610000
1210,288, 
1211,289,0.467280 491.860000 413.390000 22.800000 29.540000
1212,29,0.380771 118.220000 730.660000 50.970000 15.160000
1213,290, 
1214,291,0.270284 190.170000 901.230000 14.800000 27.930000
1215,292,0.266900 675.850000 479.400000 64.950000 32.540000
1216,293, 
1217,294,0.495304 134.950000 468.120000 23.190000 52.490000 0.285928 635.630000 2.520000 42.060000 34.720000
1218,295, 
1219,296,0.255388 81.690000 226.390000 56.980000 35.140000
1220,297, 
1221,298,0.317335 6.490000 100.990000 23.400000 55.030000
1222,299, 
1223,3,0.313426 767.110000 428.980000 26.980000 100.820000
1224,30,0.401537 946.920000 932.540000 74.890000 29.160000 0.271302 576.380000 772.320000 81.660000 25.830000
1225,300,0.449335 712.680000 831.830000 79.710000 63.270000
1226,301,0.602820 609.390000 1.860000 69.310000 89.640000 0.546698 206.980000 111.420000 13.260000 40.850000 0.303491 607.590000 417.590000 48.100000 29.440000
1227,302,0.456407 236.280000 527.680000 44.920000 8.120000
1228,303,0.244649 795.300000 839.490000 32.460000 53.980000
1229,304,0.405431 449.950000 802.720000 33.930000 11.280000
1230,305, 
1231,306,0.514305 389.750000 497.790000 74.390000 32.790000 0.272119 780.960000 96.070000 51.280000 15.920000
1232,307, 
1233,308, 
1234,309,0.261131 758.450000 947.710000 35.500000 7.090000
1235,31,0.445508 98.360000 773.020000 43.650000 50.450000
1236,310,0.659109 205.920000 989.350000 41.660000 8.180000
1237,311,0.595331 629.030000 668.010000 53.970000 12.420000
1238,312, 
1239,313, 
1240,314, 
1241,315, 
1242,316, 
1243,317, 
1244,318, 
1245,319, 
1246,32, 
1247,320, 
1248,321, 
1249,322, 
1250,323,0.361593 164.830000 630.440000 35.860000 13.490000
1251,324,0.265250 789.370000 586.330000 15.410000 24.940000
1252,325,0.366396 822.560000 566.150000 34.020000 54.070000
1253,326,0.754590 53.600000 730.780000 19.630000 78.920000 0.286012 911.990000 332.030000 18.390000 25.050000
1254,327, 
1255,328,0.541371 86.730000 868.310000 9.340000 45.810000
1256,329,0.275018 315.620000 956.970000 65.810000 16.350000
1257,33,0.648672 339.100000 763.780000 51.430000 104.790000
1258,330, 
1259,331, 
1260,332, 
1261,333, 
1262,334, 
1263,335,0.424868 393.600000 460.220000 21.080000 65.320000
1264,336, 
1265,337, 
1266,338, 
1267,339, 
1268,34, 
1269,340,0.367622 177.420000 187.400000 45.710000 30.960000
1270,341, 
1271,342,0.261424 965.450000 378.640000 41.600000 45.000000
1272,343, 
1273,344,0.248111 780.400000 173.240000 33.680000 18.750000
1274,345, 
1275,346, 
1276,347, 
1277,348, 
1278,349, 
1279,35,0.376774 709.570000 711.930000 21.260000 52.190000
1280,350, 
1281,351,0.558050 378.760000 791.610000 23.850000 54.320000 0.235010 134.360000 862.910000 41.690000 9.850000
1282,352, 
1283,353,0.594027 682.870000 549.270000 8.900000 42.550000
1284,354, 
1285,355, 
1286,356,0.414380 302.290000 136.730000 54.540000 8.520000
1287,357, 
1288,358, 
1289,359,0.316522 453.500000 550.090000 36.000000 39.390000
1290,36,0.400398 209.720000 218.320000 14.360000 27.290000
1291,360, 
1292,361, 
1293,362, 
1294,363,0.791738 927.940000 147.430000 26.980000 73.060000 0.322765 330.370000 238.800000 39.160000 47.220000
1295,364, 
1296,365, 
1297,366, 
1298,367,0.233471 500.070000 282.810000 36.680000 59.880000
1299,368, 
1300,369,0.525414 510.580000 873.380000 54.310000 9.750000
1301,37, 
1302,370,0.682521 191.670000 887.590000 77.420000 21.630000 0.291968 992.940000 630.780000 23.530000 51.420000
1303,371, 
1304,372,0.473900 791.710000 218.140000 20.910000 59.430000
1305,373, 
1306,374,0.287998 589.520000 707.140000 29.980000 23.300000
1307,375, 
1308,376,0.597887 358.620000 993.560000 97.580000 24.260000
1309,377,0.265512 712.700000 35.100000 34.690000 55.340000
1310,378,0.429388 758.930000 818.840000 13.290000 42.280000 0.375963 106.390000 536.140000 47.840000 28.710000
1311,379,0.348865 339.260000 221.030000 17.060000 37.620000
1312,38,0.297811 94.170000 0.000000 46.040000 32.590000
1313,380, 
1314,381, 
1315,382,0.348014 983.070000 978.000000 34.960000 41.350000
1316,383,0.610363 705.480000 703.020000 16.230000 77.760000
1317,384, 
1318,385,0.296446 811.760000 471.780000 25.630000 53.030000
1319,386,0.520310 184.240000 957.530000 87.960000 20.910000
1320,387,0.357147 365.370000 969.260000 56.320000 34.960000 0.235704 1002.530000 263.410000 8.830000 51.430000
1321,388,0.474453 373.380000 310.760000 9.280000 35.620000
1322,389,0.470322 945.440000 136.810000 23.060000 60.200000 0.318897 294.850000 64.210000 45.690000 15.290000
1323,39,0.594131 146.660000 362.880000 50.950000 9.000000 0.484308 3.050000 611.070000 26.950000 98.440000 0.272787 211.770000 493.240000 77.170000 24.420000
1324,390, 
1325,391, 
1326,392, 
1327,393, 
1328,394,0.289040 497.230000 354.490000 74.740000 33.640000
1329,395, 
1330,396, 
1331,397,0.379910 380.390000 600.270000 19.250000 64.770000
1332,398,0.513724 335.370000 209.610000 61.730000 24.660000
1333,399,0.317303 965.010000 373.320000 49.270000 36.380000
1334,4,0.270601 236.070000 733.190000 18.340000 36.500000
1335,40,0.521068 671.580000 723.110000 9.760000 51.150000
1336,400, 
1337,401, 
1338,402, 
1339,403, 
1340,404,0.266210 287.680000 596.340000 42.340000 31.850000
1341,405, 
1342,406, 
1343,407,0.649000 284.380000 77.190000 7.990000 50.380000 0.359855 346.900000 608.020000 8.190000 47.020000
1344,408, 
1345,409, 
1346,41, 
1347,410,0.551358 639.530000 315.630000 8.640000 55.570000 0.399190 352.050000 783.520000 34.040000 52.790000
1348,411, 
1349,412, 
1350,413, 
1351,414, 
1352,415,0.547232 793.240000 958.930000 124.040000 48.640000
1353,416, 
1354,417, 
1355,418,0.284614 611.330000 110.600000 61.550000 20.530000
1356,419, 
1357,42,0.380182 442.730000 496.220000 34.490000 14.950000 0.241537 73.490000 261.250000 23.340000 43.500000
1358,420, 
1359,421, 
1360,422, 
1361,423,0.445966 750.130000 549.470000 45.670000 39.870000
1362,424,0.360654 262.170000 630.370000 33.890000 8.010000
1363,425, 
1364,426,0.329368 311.240000 743.550000 38.060000 62.850000
1365,427, 
1366,428,0.236188 294.910000 99.440000 43.420000 40.640000
1367,429, 
1368,43,0.573156 658.670000 991.910000 82.730000 21.460000 0.251381 639.850000 378.720000 29.780000 12.680000
1369,430,0.323160 1004.300000 659.720000 17.610000 25.370000
1370,431, 
1371,432, 
1372,433,0.338191 493.850000 150.860000 9.740000 48.490000
1373,434,0.384305 518.230000 370.310000 24.270000 54.110000 0.274553 955.490000 31.550000 33.700000 14.080000 0.242518 744.850000 379.100000 39.590000 54.480000
1374,435, 
1375,436, 
1376,437, 
1377,438, 
1378,439, 
1379,44, 
1380,440,0.300185 1.590000 162.150000 35.490000 43.900000
1381,441, 
1382,442, 
1383,443, 
1384,444,0.351239 834.660000 599.270000 14.580000 48.100000
1385,445,0.232692 9.690000 937.730000 64.710000 14.420000
1386,446,0.383466 250.330000 499.820000 34.080000 49.120000 0.267669 861.000000 367.020000 60.430000 8.820000
1387,447, 
1388,448, 
1389,449,0.421288 678.050000 425.190000 37.900000 9.680000
1390,45,0.246491 312.200000 56.130000 46.120000 40.390000
1391,450, 
1392,451, 
1393,452,0.290069 151.890000 2.590000 34.290000 59.510000
1394,453, 
1395,454,0.463304 660.070000 861.560000 34.280000 44.010000
1396,455,0.480931 396.250000 862.680000 32.440000 15.610000 0.282549 615.520000 338.990000 22.620000 14.610000
1397,456, 
1398,457, 
1399,458,0.422087 781.820000 803.440000 74.290000 22.910000
1400,459, 
1401,46,0.526889 739.810000 595.790000 38.950000 48.440000 0.381533 834.690000 318.110000 53.760000 29.040000 0.262677 213.150000 478.910000 55.680000 28.760000 0.240646 530.400000 319.990000 16.510000 54.360000
1402,460,0.375594 933.890000 532.950000 19.380000 27.440000
1403,461, 
1404,462, 
1405,463, 
1406,464, 
1407,465, 
1408,466, 
1409,467, 
1410,468, 
1411,469, 
1412,47, 
1413,470, 
1414,471,0.298734 149.130000 1005.700000 44.000000 15.120000
1415,472,0.704019 313.250000 271.760000 67.910000 33.560000
1416,473, 
1417,474,0.267141 573.520000 235.180000 18.670000 17.170000
1418,475, 
1419,476, 
1420,477, 
1421,478, 
1422,479, 
1423,48, 
1424,480,0.615843 412.970000 935.840000 97.930000 72.240000 0.330605 142.680000 548.430000 32.960000 55.840000
1425,481, 
1426,482,0.338396 437.330000 587.280000 10.370000 49.380000
1427,483, 
1428,484, 
1429,485, 
1430,486, 
1431,487,0.270859 781.870000 731.800000 14.140000 29.830000
1432,488, 
1433,489,0.315314 638.380000 557.780000 10.880000 95.980000
1434,49, 
1435,490,0.279144 256.210000 6.920000 46.720000 58.300000
1436,491,0.753489 710.850000 401.360000 20.690000 92.150000 0.664358 219.600000 558.250000 62.560000 25.290000 0.396058 538.610000 925.450000 32.740000 97.190000
1437,492,0.360054 71.360000 84.860000 25.520000 50.130000 0.308322 460.780000 207.590000 50.230000 46.560000
1438,493, 
1439,494,0.233630 746.590000 666.820000 27.560000 44.390000
1440,495, 
1441,496, 
1442,497, 
1443,498, 
1444,499, 
1445,5, 
1446,50, 
1447,500, 
1448,501, 
1449,502, 
1450,503,0.302395 806.840000 144.110000 30.310000 40.210000 0.280041 677.150000 874.400000 15.820000 59.210000
1451,504, 
1452,505, 
1453,506, 
1454,507, 
1455,508, 
1456,509,0.347886 524.720000 710.520000 25.890000 50.820000 0.250108 5.040000 261.640000 42.760000 39.610000
1457,51, 
1458,510,0.329850 403.620000 136.790000 56.220000 39.000000 0.232526 302.790000 889.870000 42.660000 30.120000
1459,511,0.260128 461.120000 751.320000 20.250000 48.070000
1460,512, 
1461,513, 
1462,514, 
1463,515, 
1464,516, 
1465,517, 
1466,518, 
1467,519, 
1468,52, 
1469,520, 
1470,521, 
1471,522, 
1472,523, 
1473,524,0.245908 506.770000 490.330000 23.540000 54.160000
1474,525, 
1475,526,0.406995 563.000000 839.110000 29.320000 17.960000
1476,527, 
1477,528, 
1478,529, 
1479,53,0.649134 692.480000 728.590000 68.170000 83.200000
1480,530, 
1481,531, 
1482,532, 
1483,533,0.250639 420.530000 87.090000 12.490000 54.990000
1484,534, 
1485,535, 
1486,536, 
1487,537, 
1488,538, 
1489,539,0.239629 536.530000 697.170000 32.420000 20.170000
1490,54, 
1491,540,0.362239 636.870000 495.760000 75.740000 11.600000 0.255159 941.540000 650.510000 14.910000 30.840000
1492,541,0.233158 615.160000 456.580000 44.960000 32.000000
1493,542,0.717607 250.840000 789.960000 9.510000 52.150000 0.380056 986.120000 761.540000 34.340000 89.950000
1494,543, 
1495,544, 
1496,545,0.452346 967.450000 118.860000 10.260000 43.680000
1497,546, 
1498,547, 
1499,548,0.594742 948.330000 55.650000 8.330000 51.560000
1500,549, 
1501,55,0.228115 1001.110000 685.810000 18.200000 64.360000
1502,550, 
1503,551,0.522911 448.920000 644.090000 52.170000 25.100000 0.308499 694.680000 866.120000 146.770000 22.080000
1504,552,0.325890 8.200000 717.360000 21.340000 51.500000
1505,553, 
1506,554, 
1507,555,0.318577 684.870000 857.020000 78.130000 9.660000
1508,556, 
1509,557, 
1510,558,0.270042 0.000000 840.660000 39.260000 29.620000
1511,559,0.299493 914.060000 533.560000 49.270000 11.000000
1512,56, 
1513,560,0.301223 672.400000 342.430000 57.290000 21.840000
1514,561, 
1515,562,0.249565 928.730000 812.650000 33.500000 9.870000
1516,563,0.273810 633.750000 175.560000 9.050000 53.260000
1517,564, 
1518,565, 
1519,566,0.648917 804.620000 348.940000 8.960000 50.060000
1520,567,0.253292 610.720000 789.320000 31.490000 21.320000
1521,568,0.426295 825.350000 572.940000 9.070000 33.600000
1522,569, 
1523,57,0.246277 545.350000 447.800000 41.430000 44.790000
1524,570, 
1525,571, 
1526,572, 
1527,573,0.259118 145.740000 698.160000 15.150000 43.280000
1528,574, 
1529,575, 
1530,576, 
1531,577, 
1532,578, 
1533,579,0.602438 919.360000 3.850000 47.740000 7.980000 0.290005 877.180000 202.520000 58.950000 41.760000
1534,58,0.522025 980.790000 605.730000 39.040000 45.250000
1535,580, 
1536,581,0.554694 962.000000 830.720000 30.660000 72.450000
1537,582, 
1538,583,0.273599 33.270000 544.190000 9.610000 39.640000 0.237886 641.200000 1002.870000 22.350000 16.460000
1539,584, 
1540,585,0.272939 206.600000 930.400000 45.290000 24.940000
1541,586,0.349473 866.740000 283.610000 9.330000 38.890000
1542,587, 
1543,588,0.367275 791.210000 956.560000 42.300000 58.010000
1544,589, 
1545,59,0.564392 456.530000 219.300000 37.690000 43.270000
1546,590, 
1547,591, 
1548,592, 
1549,593,0.307842 324.270000 91.810000 66.790000 16.920000
1550,594, 
1551,595,0.614022 835.110000 620.050000 52.750000 9.390000 0.284407 407.180000 14.800000 40.270000 42.300000
1552,596,0.520837 265.280000 455.380000 51.570000 8.570000
1553,597,0.339480 496.400000 191.090000 39.280000 31.530000
1554,598, 
1555,599,0.386909 414.340000 625.160000 10.480000 28.220000
1556,6, 
1557,60, 
1558,600, 
1559,601,0.342948 92.110000 658.150000 61.210000 41.380000
1560,602, 
1561,603,0.489971 384.910000 961.980000 57.120000 30.850000 0.423997 649.310000 459.340000 46.300000 52.480000 0.276949 267.710000 376.850000 10.400000 43.860000 0.237997 757.700000 789.950000 28.170000 50.620000
1562,604,0.458200 916.880000 5.480000 36.580000 77.040000
1563,605, 
1564,606, 
1565,607,0.388229 485.130000 133.670000 50.490000 29.230000
1566,608,0.243872 242.370000 60.170000 22.590000 87.190000 0.229937 780.470000 696.020000 14.580000 46.350000
1567,609, 
1568,61, 
1569,610, 
1570,611,0.275401 147.600000 62.030000 24.820000 47.640000
1571,612,0.269142 622.980000 872.160000 30.970000 15.900000
1572,613, 
1573,614, 
1574,615,0.256174 461.340000 774.250000 54.670000 35.220000
1575,616,0.313339 760.160000 985.220000 46.170000 32.880000
1576,617,0.330993 778.560000 709.100000 15.480000 52.810000
1577,618, 
1578,619, 
1579,62, 
1580,620, 
1581,621,0.334502 605.550000 217.340000 57.210000 9.880000
1582,622, 
1583,623, 
1584,624,0.509421 354.890000 558.960000 33.720000 62.070000
1585,625, 
1586,626, 
1587,627, 
1588,628,0.497121 265.640000 10.400000 48.620000 94.450000
1589,629, 
1590,63, 
1591,630, 
1592,631,0.228274 414.710000 862.880000 29.000000 42.780000
1593,632, 
1594,633,0.350403 395.020000 92.960000 65.540000 15.530000 0.323800 537.430000 595.520000 49.320000 17.430000
1595,634,0.287823 352.120000 255.170000 62.840000 21.010000
1596,635,0.239014 391.910000 594.390000 32.920000 34.100000
1597,636, 
1598,637, 
1599,638,0.227744 583.780000 540.830000 20.880000 40.530000
1600,639, 
1601,64, 
1602,640,0.308288 577.260000 916.520000 14.350000 44.180000
1603,641, 
1604,642, 
1605,643, 
1606,644, 
1607,645,0.445749 454.380000 256.460000 14.880000 53.850000
1608,646,0.233494 561.140000 540.870000 10.270000 50.510000
1609,647, 
1610,648,0.729480 58.290000 334.920000 89.890000 29.000000
1611,649,0.703054 300.660000 19.320000 23.490000 80.850000 0.269816 376.640000 506.750000 22.000000 18.260000
1612,65, 
1613,650,0.722701 99.470000 908.680000 78.200000 24.110000 0.328322 900.330000 396.090000 26.520000 70.020000
1614,651, 
1615,652, 
1616,653, 
1617,654, 
1618,655, 
1619,656, 
1620,657,0.294992 556.980000 831.300000 19.310000 23.240000
1621,658, 
1622,659,0.428551 872.970000 528.500000 28.850000 56.790000
1623,66, 
1624,660, 
1625,661, 
1626,662,0.235707 838.710000 38.590000 59.220000 53.080000
1627,663, 
1628,664,0.343714 942.590000 307.520000 47.460000 35.690000
1629,665, 
1630,666,0.308626 906.210000 606.480000 61.380000 24.170000
1631,667, 
1632,668, 
1633,669, 
1634,67,0.412752 948.780000 559.820000 8.860000 41.760000
1635,670, 
1636,671, 
1637,672,0.441645 346.810000 855.550000 40.930000 13.690000
1638,673,0.375164 64.740000 157.410000 14.320000 43.060000
1639,674,0.375834 392.500000 936.620000 24.680000 72.790000
1640,675, 
1641,676,0.291685 739.690000 433.060000 26.610000 50.340000
1642,677,0.395526 741.720000 50.890000 67.070000 36.330000 0.238263 378.880000 249.410000 29.760000 32.530000
1643,678, 
1644,679,0.361972 696.530000 17.110000 31.500000 45.360000 0.229405 506.380000 875.360000 18.620000 49.090000
1645,68,0.628899 256.580000 525.220000 23.490000 55.500000 0.400823 400.590000 676.150000 26.440000 102.360000
1646,680, 
1647,681, 
1648,682, 
1649,683,0.499395 997.370000 351.930000 13.540000 57.440000 0.296406 676.440000 809.280000 36.260000 47.150000
1650,684, 
1651,685, 
1652,686, 
1653,687, 
1654,688,0.266546 647.400000 413.810000 12.670000 48.730000 0.239203 841.880000 731.540000 17.550000 25.430000
1655,689, 
1656,69, 
1657,690,0.279859 877.040000 806.880000 19.810000 28.820000
1658,691, 
1659,692,0.444788 672.700000 504.570000 11.940000 82.000000 0.316054 916.840000 809.170000 8.580000 45.430000
1660,693,0.449616 146.060000 25.520000 46.350000 34.140000
1661,694, 
1662,695, 
1663,696, 
1664,697, 
1665,698, 
1666,699, 
1667,7, 
1668,70, 
1669,700,0.328745 893.140000 851.550000 21.090000 70.850000 0.239879 681.730000 873.260000 22.150000 18.790000
1670,701, 
1671,702, 
1672,703, 
1673,704,0.304841 540.920000 680.320000 8.750000 57.070000 0.256935 826.500000 790.150000 20.380000 37.420000
1674,705, 
1675,706, 
1676,707, 
1677,708, 
1678,709,0.264315 790.510000 574.040000 26.580000 64.370000
1679,71,0.236316 222.830000 302.220000 17.750000 62.730000
1680,710, 
1681,711, 
1682,712,0.412848 300.000000 171.400000 10.080000 54.930000 0.407206 309.060000 481.230000 67.390000 29.170000
1683,713,0.439601 5.750000 373.720000 33.240000 8.550000
1684,714,0.351793 945.500000 917.320000 46.070000 62.630000
1685,715,0.378351 238.550000 393.070000 11.290000 35.150000
1686,716, 
1687,717, 
1688,718,0.513123 639.190000 713.100000 77.070000 15.970000
1689,719, 
1690,72, 
1691,720, 
1692,721,0.409042 621.460000 215.340000 8.800000 39.750000
1693,722,0.341736 835.530000 994.890000 21.800000 26.840000
1694,723,0.420213 22.690000 857.930000 114.480000 12.160000
1695,724, 
1696,725,0.525329 866.390000 717.960000 72.530000 38.310000
1697,726, 
1698,727, 
1699,728,0.579031 45.430000 85.650000 14.750000 53.170000
1700,729, 
1701,73, 
1702,730,0.497380 1.230000 962.380000 43.120000 15.770000 0.250903 1003.420000 614.050000 18.130000 19.970000
1703,731,0.313215 471.430000 245.250000 21.590000 22.340000
1704,732,0.318520 37.990000 725.450000 29.850000 59.320000
1705,733, 
1706,734,0.625021 818.440000 617.790000 43.720000 11.600000
1707,735,0.266075 114.020000 581.380000 23.070000 55.560000 0.242660 860.830000 578.900000 31.820000 36.890000
1708,736,0.247810 450.410000 730.080000 32.090000 16.280000
1709,737, 
1710,738,0.421502 365.860000 495.710000 44.530000 36.430000 0.411916 897.270000 377.900000 51.720000 32.320000
1711,739,0.386465 35.300000 967.560000 11.280000 38.490000
1712,74,0.399839 141.370000 370.540000 41.700000 39.120000
1713,740, 
1714,741, 
1715,742, 
1716,743, 
1717,744,0.372419 411.100000 783.670000 43.390000 73.160000
1718,745, 
1719,746, 
1720,747, 
1721,748,0.383163 265.960000 898.330000 16.910000 20.340000 0.266913 245.290000 268.140000 24.740000 73.650000
1722,749, 
1723,75,0.628372 444.900000 82.330000 8.120000 53.390000 0.231898 286.380000 810.110000 41.290000 28.540000
1724,750,0.341064 119.920000 585.970000 43.920000 46.230000
1725,751, 
1726,752, 
1727,753, 
1728,754,0.523614 463.620000 848.890000 104.980000 82.780000 0.249837 839.900000 998.760000 72.040000 18.900000
1729,755, 
1730,756, 
1731,757, 
1732,758, 
1733,759, 
1734,76,0.303572 763.830000 562.710000 30.350000 51.140000
1735,760, 
1736,761,0.347244 990.500000 384.460000 9.390000 48.150000
1737,762, 
1738,763,0.386119 270.250000 856.990000 27.280000 45.530000
1739,764,0.277824 361.670000 687.750000 49.970000 11.120000
1740,765,0.406052 367.000000 857.900000 35.370000 40.880000
1741,766, 
1742,767, 
1743,768, 
1744,769, 
1745,77, 
1746,770, 
1747,771, 
1748,772, 
1749,773, 
1750,774, 
1751,775,0.785074 732.990000 640.040000 54.320000 32.180000
1752,776, 
1753,777,0.487740 813.960000 474.110000 38.480000 44.540000 0.374596 308.500000 451.310000 33.530000 35.680000 0.284938 246.240000 52.760000 52.750000 31.540000
1754,778, 
1755,779, 
1756,78, 
1757,780, 
1758,781,0.367971 814.430000 37.200000 8.850000 47.950000
1759,782,0.508526 6.160000 178.310000 30.750000 49.490000
1760,783,0.483469 590.040000 934.530000 48.810000 14.320000
1761,784, 
1762,785, 
1763,786, 
1764,787, 
1765,788,0.581394 663.830000 779.900000 27.070000 53.190000 0.486252 463.980000 552.050000 17.050000 25.880000
1766,789, 
1767,79,0.364499 988.840000 536.620000 31.300000 43.560000 0.311868 853.360000 34.300000 65.550000 21.230000 0.239941 343.720000 319.550000 38.440000 61.830000
1768,790, 
1769,791, 
1770,792, 
1771,793, 
1772,794,0.286611 589.140000 753.260000 57.520000 68.340000
1773,795, 
1774,796,0.341766 443.410000 168.730000 38.180000 11.400000
1775,797, 
1776,798,0.295946 464.320000 426.470000 108.090000 38.940000
1777,799, 
1778,8, 
1779,80, 
1780,800,0.358588 853.840000 146.420000 36.900000 12.650000
1781,801,0.326959 138.720000 548.720000 11.970000 56.140000
1782,802,0.282984 514.880000 5.950000 40.020000 46.320000
1783,803,0.392571 640.730000 336.110000 21.410000 55.890000
1784,804, 
1785,805,0.537374 535.360000 591.830000 10.230000 45.660000 0.502034 972.580000 506.510000 31.360000 55.410000
1786,806,0.239732 474.840000 729.120000 32.090000 41.690000
1787,807,0.247207 147.990000 190.330000 14.900000 38.290000
1788,808, 
1789,809, 
1790,81, 
1791,810, 
1792,811, 
1793,812,0.622260 352.530000 482.930000 10.260000 80.820000
1794,813, 
1795,814,0.289110 842.840000 841.280000 42.880000 39.870000
1796,815, 
1797,816, 
1798,817, 
1799,818, 
1800,819,0.650069 966.860000 510.190000 9.870000 53.350000
1801,82, 
1802,820,0.341947 635.760000 947.250000 17.050000 44.380000
1803,821,0.350268 137.240000 841.890000 57.300000 15.170000
1804,822,0.260570 625.350000 397.020000 19.490000 29.160000
1805,823,0.592363 755.350000 263.540000 37.240000 45.160000 0.355022 899.850000 393.030000 38.540000 16.770000 0.313319 653.130000 603.380000 54.920000 19.690000
1806,824, 
1807,825, 
1808,826, 
1809,827, 
1810,828, 
1811,829,0.298065 677.240000 778.670000 49.680000 16.410000
1812,83, 
1813,830, 
1814,831,0.262417 626.390000 91.800000 53.230000 28.650000
1815,832, 
1816,833,0.626862 937.450000 209.850000 8.310000 52.100000
1817,834, 
1818,835, 
1819,836, 
1820,837, 
1821,838, 
1822,839, 
1823,84, 
1824,840, 
1825,841, 
1826,842, 
1827,843,0.338151 130.370000 871.040000 36.520000 55.960000
1828,844, 
1829,845, 
1830,846,0.270288 466.220000 987.880000 37.030000 12.070000
1831,847, 
1832,848, 
1833,849, 
1834,85, 
1835,850, 
1836,851,0.401843 23.650000 141.510000 20.780000 87.580000
1837,852, 
1838,853,0.348880 524.970000 852.860000 20.410000 21.930000 0.234451 649.450000 812.060000 27.610000 10.710000
1839,854, 
1840,855,0.596971 189.730000 801.230000 57.840000 31.490000
1841,856, 
1842,857, 
1843,858, 
1844,859,0.390032 834.220000 538.010000 16.270000 28.170000
1845,86,0.264901 865.040000 788.740000 47.950000 28.690000
1846,860,0.273909 125.200000 663.460000 46.740000 32.380000
1847,861, 
1848,862, 
1849,863,0.272117 674.440000 277.720000 49.280000 23.360000
1850,864, 
1851,865,0.365504 184.900000 486.990000 35.850000 63.940000 0.228643 511.540000 566.630000 50.560000 24.080000
1852,866, 
1853,867,0.246018 13.760000 54.530000 50.760000 30.780000
1854,868, 
1855,869,0.299766 546.880000 956.620000 40.350000 62.650000
1856,87,0.377178 972.730000 712.720000 14.510000 50.970000 0.321248 542.890000 434.330000 16.980000 30.760000
1857,870, 
1858,871, 
1859,872, 
1860,873, 
1861,874,0.360957 515.430000 207.640000 60.120000 10.230000
1862,875,0.302889 419.550000 5.020000 22.540000 16.800000
1863,876,0.387009 475.990000 431.870000 63.810000 29.040000
1864,877,0.261832 328.950000 194.270000 64.680000 70.400000
1865,878,0.648524 98.880000 259.910000 118.360000 19.470000 0.296571 109.550000 797.630000 31.160000 37.800000
1866,879, 
1867,88, 
1868,880, 
1869,881, 
1870,882,0.502580 973.340000 66.640000 30.870000 62.580000
1871,883, 
1872,884,0.493425 753.330000 671.470000 10.090000 55.980000
1873,885,0.637066 248.660000 747.540000 11.640000 42.410000
1874,886, 
1875,887, 
1876,888, 
1877,889, 
1878,89, 
1879,890, 
1880,891,0.446131 805.270000 174.430000 11.180000 50.560000
1881,892,0.298743 156.350000 996.580000 53.060000 24.440000
1882,893, 
1883,894, 
1884,895,0.235694 280.260000 930.410000 11.620000 39.500000
1885,896, 
1886,897,0.235016 646.040000 731.370000 67.270000 24.120000
1887,898, 
1888,899,0.354886 761.140000 309.260000 38.310000 38.270000
1889,9,0.267265 596.360000 912.100000 27.990000 62.360000
1890,90, 
1891,900, 
1892,901,0.303761 213.170000 808.340000 8.880000 61.840000
1893,902,0.466311 938.120000 44.780000 11.730000 38.120000
1894,903,0.280831 727.630000 465.990000 17.100000 32.860000
1895,904,0.398069 250.040000 978.460000 17.770000 25.170000
1896,905,0.675834 930.500000 105.430000 66.980000 39.490000
1897,906, 
1898,907, 
1899,908,0.522978 862.480000 230.180000 40.330000 14.130000
1900,909,0.266486 67.400000 163.720000 12.890000 28.630000
1901,91, 
1902,910, 
1903,911, 
1904,912, 
1905,913, 
1906,914, 
1907,915, 
1908,916, 
1909,917, 
1910,918, 
1911,919, 
1912,92, 
1913,920, 
1914,921, 
1915,922,0.405230 840.970000 16.010000 83.300000 53.680000
1916,923, 
1917,924,0.429599 229.900000 487.640000 29.180000 43.080000
1918,925, 
1919,926,0.412963 483.920000 642.630000 12.620000 30.170000
1920,927, 
1921,928, 
1922,929, 
1923,93,0.234283 806.430000 128.280000 21.790000 16.990000
1924,930, 
1925,931, 
1926,932, 
1927,933, 
1928,934,0.374983 987.630000 476.470000 31.510000 14.430000
1929,935, 
1930,936, 
1931,937, 
1932,938, 
1933,939, 
1934,94,0.278514 754.110000 284.260000 83.670000 9.290000
1935,940,0.540531 955.470000 230.300000 40.200000 8.870000
1936,941, 
1937,942, 
1938,943, 
1939,944, 
1940,945, 
1941,946,0.456907 446.700000 865.220000 89.150000 33.720000 0.244967 248.720000 923.240000 13.530000 24.110000
1942,947, 
1943,948, 
1944,949,0.250494 44.040000 609.030000 35.490000 38.020000
1945,95,0.359670 731.810000 17.800000 16.110000 25.270000
1946,950, 
1947,951, 
1948,952, 
1949,953, 
1950,954,0.368334 86.510000 839.380000 49.410000 16.370000 0.301868 317.350000 981.210000 45.070000 38.510000
1951,955, 
1952,956, 
1953,957, 
1954,958, 
1955,959, 
1956,96,0.546440 119.750000 467.660000 42.560000 55.130000 0.336351 487.560000 393.210000 34.120000 10.070000
1957,960, 
1958,961, 
1959,962, 
1960,963, 
1961,964, 
1962,965, 
1963,966, 
1964,967, 
1965,968, 
1966,969, 
1967,97,0.248955 840.280000 603.370000 36.030000 36.110000
1968,970, 
1969,971, 
1970,972, 
1971,973,0.480896 828.630000 819.910000 55.410000 36.970000
1972,974,0.302314 750.270000 281.440000 33.570000 10.000000
1973,975,0.341977 2.640000 597.210000 38.360000 32.250000 0.312750 871.730000 912.340000 24.260000 23.830000
1974,976, 
1975,977,0.237402 265.850000 533.850000 28.100000 48.940000
1976,978,0.230532 104.810000 2.290000 29.800000 37.600000
1977,979, 
1978,98, 
1979,980,0.408110 265.890000 718.190000 54.920000 27.470000
1980,981,0.434810 540.960000 954.760000 24.760000 54.050000
1981,982, 
1982,983, 
1983,984,0.311822 15.490000 403.150000 17.120000 60.720000
1984,985,0.258493 506.980000 388.200000 38.610000 42.910000
1985,986,0.227717 493.440000 575.160000 66.010000 14.350000
1986,987, 
1987,988,0.341519 311.640000 869.010000 18.060000 23.730000 0.296335 25.740000 430.190000 21.430000 50.080000
1988,989, 
1989,99, 
1990,990,0.421543 285.550000 932.890000 33.800000 79.620000
1991,991, 
1992,992,0.286194 523.190000 63.640000 24.540000 47.650000
1993,993, 
1994,994,0.258449 914.780000 810.660000 18.130000 25.370000
1995,995, 
1996,996, 
1997,997, 
1998,998,0.396399 775.880000 299.100000 24.820000 17.770000
1999,999, 
