id,image_id,prediction_string
0,0,0.486572 894.12 186.42 8.98 40.97 0.408272 209.07 674.16 15.89 48.19
1,1, 
2,10,0.574146 5.09 17.87 36.63 58.11
3,100, 
4,1000, 
5,1001, 
6,1002, 
7,1003, 
8,1004, 
9,1005, 
10,1006,0.404424 256.64 819.90 56.24 38.71
11,1007, 
12,1008, 
13,1009, 
14,101, 
15,1010, 
16,1011,0.300998 190.16 375.68 38.45 43.75
17,1012, 
18,1013,0.268122 828.85 395.73 66.41 35.35
19,1014, 
20,1015,0.619665 610.52 402.02 8.79 63.16
21,1016,0.372081 421.04 664.97 32.15 61.16
22,1017,0.236437 456.29 327.34 22.32 17.40
23,1018, 
24,1019, 
25,102, 
26,1020,0.650893 639.79 507.10 9.52 46.61 0.458805 651.74 942.74 53.49 14.67
27,1021,0.310470 806.06 394.18 22.82 31.71
28,1022, 
29,1023,0.277816 94.33 78.86 11.58 42.01
30,1024, 
31,1025, 
32,1026, 
33,1027, 
34,1028, 
35,1029, 
36,103,0.560463 183.06 331.17 45.15 14.04
37,1030, 
38,1031,0.440624 586.84 800.73 95.37 28.52
39,1032, 
40,1033, 
41,1034,0.245536 241.41 830.22 51.42 27.56
42,1035,0.464795 565.37 407.99 12.30 42.55 0.319325 365.75 166.54 8.09 39.47
43,1036,0.274080 169.00 989.27 41.34 33.07
44,1037, 
45,1038, 
46,1039, 
47,104,0.450531 680.50 51.11 14.97 47.91
48,1040,0.246527 851.92 106.99 29.61 119.01
49,1041, 
50,1042,0.330745 832.66 878.97 36.83 17.65
51,1043, 
52,1044, 
53,1045, 
54,1046, 
55,1047,0.251391 268.93 367.18 14.40 34.83 0.237515 898.50 966.03 35.90 9.31
56,1048, 
57,1049,0.385923 805.54 266.05 32.94 53.17
58,105, 
59,1050, 
60,1051,0.298590 497.15 650.31 31.63 10.31
61,1052,0.257286 486.51 599.72 44.34 78.60
62,1053, 
63,1054, 
64,1055, 
65,1056,0.283104 936.74 808.77 26.36 65.40
66,1057,0.392513 741.82 149.99 12.30 30.30
67,1058, 
68,1059, 
69,106, 
70,1060,0.470199 280.73 358.04 18.35 66.11
71,1061,0.678390 670.05 15.58 110.56 55.84
72,1062, 
73,1063, 
74,1064, 
75,1065, 
76,1066,0.630936 505.73 250.14 48.29 12.19 0.276998 71.76 877.75 14.42 45.32
77,1067,0.329079 84.63 947.28 15.37 41.20
78,1068,0.794923 867.49 466.92 24.84 55.87
79,1069, 
80,107, 
81,1070, 
82,1071, 
83,1072,0.281118 946.11 448.70 26.36 42.39 0.237709 821.46 212.94 9.50 63.13
84,1073,0.333225 25.08 684.53 94.95 72.50 0.266592 614.91 464.61 34.65 17.14
85,1074, 
86,1075,0.414764 364.36 517.54 12.58 54.15 0.311087 99.07 409.32 53.42 49.69
87,1076,0.570562 181.05 618.66 70.27 11.40 0.385695 989.86 130.38 12.52 46.75
88,1077,0.300827 82.36 325.31 65.36 36.49 0.261405 427.11 611.01 32.12 58.88
89,1078, 
90,1079,0.365384 17.03 679.06 41.57 30.68
91,108,0.579278 9.41 361.90 27.42 48.94
92,1080, 
93,1081, 
94,1082, 
95,1083, 
96,1084, 
97,1085, 
98,1086, 
99,1087, 
100,1088, 
101,1089,0.252585 992.22 521.20 28.54 21.56
102,109, 
103,1090, 
104,1091, 
105,1092, 
106,1093, 
107,1094, 
108,1095, 
109,1096, 
110,1097,0.753557 761.77 834.84 49.36 8.33 0.304912 928.33 350.97 65.02 35.36
111,1098,0.244304 338.65 462.25 12.55 66.39
112,1099, 
113,11, 
114,110,0.275341 2.34 33.23 40.27 44.93
115,1100,0.298187 842.78 441.71 41.81 12.10
116,1101, 
117,1102, 
118,1103,0.274986 0.10 24.11 51.33 36.13
119,1104, 
120,1105, 
121,1106,0.280203 142.40 359.27 65.59 14.05
122,1107,0.569773 647.63 655.27 67.74 80.38
123,1108, 
124,1109, 
125,111,0.650054 1.59 123.32 70.01 33.59
126,1110,0.266317 750.85 659.84 36.21 13.88
127,1111,0.620095 969.38 596.80 22.73 69.28
128,1112, 
129,1113, 
130,1114, 
131,1115, 
132,1116, 
133,1117,0.245657 984.87 735.53 13.45 58.52
134,1118, 
135,1119, 
136,112, 
137,1120, 
138,1121, 
139,1122, 
140,1123,0.242725 61.80 111.50 19.49 27.08
141,1124, 
142,1125, 
143,1126,0.439045 846.29 462.63 73.64 23.37
144,1127,0.430978 726.24 635.33 46.44 103.00
145,1128, 
146,1129, 
147,113,0.429817 780.44 440.27 16.40 36.81 0.421982 999.16 673.82 13.34 43.86 0.379422 555.05 356.98 19.27 25.09
148,1130, 
149,1131,0.313724 539.24 486.92 21.49 56.48
150,1132, 
151,1133,0.273710 28.98 987.41 45.37 11.82 0.265666 9.51 990.80 56.07 23.22 0.260095 357.51 608.46 23.98 48.73
152,1134,0.255881 67.78 640.39 34.55 47.63
153,1135, 
154,1136, 
155,1137, 
156,1138, 
157,1139,0.241120 612.76 974.17 45.42 16.23
158,114, 
159,1140, 
160,1141,0.661954 607.07 914.46 83.42 13.98
161,1142, 
162,1143,0.312124 227.11 502.26 46.46 25.54
163,1144, 
164,1145, 
165,1146,0.289089 2.54 997.26 14.36 24.16
166,1147, 
167,1148, 
168,1149, 
169,115, 
170,1150, 
171,1151, 
172,1152,0.241370 81.37 943.66 22.48 25.91
173,1153, 
174,1154, 
175,1155, 
176,1156, 
177,1157, 
178,1158,0.244385 706.13 376.46 27.09 27.06
179,1159,0.246519 140.51 648.22 41.33 16.35
180,116,0.687176 438.69 271.23 67.22 26.89
181,1160, 
182,1161, 
183,1162, 
184,1163, 
185,1164, 
186,1165, 
187,1166,0.238823 386.10 4.11 51.52 11.88
188,1167, 
189,1168, 
190,1169, 
191,117, 
192,1170,0.387277 884.12 335.56 10.55 50.50
193,1171,0.459135 368.18 496.58 40.91 39.20
194,1172, 
195,1173, 
196,1174, 
197,1175, 
198,1176, 
199,1177, 
200,1178,0.482051 650.96 411.93 11.08 46.71
201,1179,0.402244 267.03 107.54 16.25 32.95
202,118,0.300037 945.66 302.54 68.86 22.52
203,1180, 
204,1181,0.738820 7.40 363.46 43.76 10.97 0.288026 1008.01 571.93 14.35 36.56
205,1182,0.345108 905.93 975.29 48.04 46.72
206,1183, 
207,1184, 
208,1185,0.588141 328.32 771.59 36.79 54.09
209,1186,0.531838 859.59 638.70 40.57 14.53
210,1187, 
211,1188, 
212,1189,0.459992 799.68 305.47 16.34 49.66 0.317660 747.72 326.12 21.67 28.05
213,119, 
214,1190,0.248282 729.78 887.11 68.23 38.88
215,1191, 
216,1192,0.277203 200.82 860.70 35.51 44.49
217,1193, 
218,1194, 
219,1195,0.417172 577.63 532.87 33.79 46.52
220,1196, 
221,1197,0.318274 1.58 909.06 20.96 19.61
222,1198, 
223,1199,0.296026 248.91 191.38 43.59 43.14
224,12,0.424880 959.37 657.71 45.17 32.63
225,120,0.489184 190.07 424.37 35.41 8.23
226,1200,0.271189 459.66 536.05 29.02 55.96
227,1201, 
228,1202, 
229,1203, 
230,1204, 
231,1205,0.469507 794.25 786.18 12.24 29.90
232,1206, 
233,1207,0.321044 654.37 793.75 19.90 32.10
234,1208, 
235,1209, 
236,121,0.399480 520.68 289.02 18.11 70.87
237,1210, 
238,1211, 
239,1212, 
240,1213,0.412266 600.28 130.11 10.13 33.07
241,1214, 
242,1215, 
243,1216, 
244,1217, 
245,1218, 
246,1219, 
247,122, 
248,1220, 
249,1221, 
250,1222, 
251,1223,0.252295 762.25 291.57 40.72 10.08
252,1224,0.439075 559.45 719.63 40.18 41.18
253,1225, 
254,1226, 
255,1227, 
256,1228, 
257,1229, 
258,123, 
259,1230, 
260,1231,0.253413 833.06 329.51 51.76 40.01
261,1232, 
262,1233, 
263,1234,0.321325 693.54 923.85 33.49 12.94
264,1235, 
265,1236,0.384299 793.52 355.00 11.55 34.11
266,1237, 
267,1238, 
268,1239,0.253160 780.05 514.59 55.17 16.21
269,124,0.277615 234.24 988.73 53.64 25.46
270,1240, 
271,1241, 
272,1242, 
273,1243,0.549288 742.47 577.12 11.88 65.08
274,1244,0.339281 628.12 402.75 80.65 9.25
275,1245,0.411223 807.17 773.78 35.57 55.67
276,1246, 
277,1247, 
278,1248, 
279,1249, 
280,125, 
281,1250, 
282,1251, 
283,1252,0.354107 609.09 558.23 36.69 38.00
284,1253, 
285,1254, 
286,1255, 
287,1256, 
288,1257, 
289,1258,0.504815 676.36 681.22 38.78 14.42
290,1259,0.354146 874.59 269.67 12.11 32.19
291,126, 
292,1260, 
293,1261, 
294,1262, 
295,1263,0.614192 721.10 670.21 11.58 76.28 0.289668 147.47 730.63 14.24 25.29
296,1264, 
297,1265, 
298,1266, 
299,1267,0.255157 547.60 890.85 15.66 66.32
300,1268, 
301,1269,0.236608 916.02 993.76 23.76 18.68
302,127, 
303,1270,0.297178 192.49 687.60 22.64 44.44
304,1271,0.538431 302.31 827.12 10.34 43.75
305,1272, 
306,1273,0.395588 734.22 102.44 70.69 33.22 0.333894 273.97 271.59 24.89 10.54
307,1274, 
308,1275, 
309,1276,0.310440 275.03 421.96 37.24 56.88
310,1277,0.298512 402.66 782.56 42.79 66.84
311,1278, 
312,1279,0.730951 19.81 874.47 35.99 60.01 0.407687 368.05 162.88 37.46 41.51
313,128,0.826123 11.56 655.78 24.35 83.35
314,1280, 
315,1281, 
316,1282,0.256260 464.05 541.64 19.26 39.15
317,1283, 
318,1284,0.282923 208.80 735.42 16.86 42.99
319,1285, 
320,1286, 
321,1287,0.595792 650.05 827.00 8.43 43.37
322,1288,0.298202 346.69 278.25 63.43 24.20 0.258137 379.47 94.44 37.33 44.20
323,1289,0.443327 411.33 115.01 57.81 12.40 0.286906 725.25 590.95 26.73 39.83
324,129,0.309877 153.31 468.13 20.36 64.31
325,1290,0.426246 725.73 72.28 61.48 27.79
326,1291, 
327,1292,0.440266 280.24 413.13 54.54 32.57 0.335101 659.91 762.24 36.95 42.56
328,1293, 
329,1294,0.289278 927.09 178.23 43.41 8.95
330,1295, 
331,1296, 
332,1297,0.333861 687.06 808.40 38.87 57.56
333,1298, 
334,1299, 
335,13, 
336,130,0.309193 753.94 501.44 45.24 27.11
337,1300, 
338,1301, 
339,1302, 
340,1303, 
341,1304,0.497350 0.00 618.72 64.81 10.06
342,1305, 
343,1306,0.451700 158.75 546.98 13.98 27.31
344,1307,0.373904 27.24 2.15 33.56 37.08
345,1308, 
346,1309, 
347,131, 
348,1310, 
349,1311, 
350,1312, 
351,1313, 
352,1314,0.759123 754.46 768.50 53.34 98.61 0.302576 431.56 517.80 75.23 11.87
353,1315, 
354,1316,0.333854 85.87 286.78 9.82 37.77
355,1317, 
356,1318,0.472047 94.65 454.13 41.75 8.69 0.300025 9.07 964.46 24.64 46.48
357,1319, 
358,132, 
359,1320, 
360,1321, 
361,1322,0.360837 443.47 883.15 14.04 43.19
362,1323, 
363,1324, 
364,1325,0.444381 452.72 5.33 57.24 9.87
365,1326, 
366,1327, 
367,1328, 
368,1329, 
369,133, 
370,1330, 
371,1331,0.354483 564.63 645.37 61.84 49.94 0.235659 529.16 300.89 40.40 13.61
372,1332, 
373,1333, 
374,1334, 
375,1335,0.590162 825.16 433.80 21.26 73.77
376,1336,0.369688 552.99 882.89 15.68 32.35
377,1337, 
378,1338, 
379,1339, 
380,134,0.305779 492.30 36.28 62.69 40.33 0.279487 932.47 174.85 45.27 12.48
381,1340,0.264505 430.09 419.24 39.16 47.17
382,1341, 
383,1342, 
384,1343, 
385,1344, 
386,1345, 
387,1346, 
388,1347,0.348055 591.65 534.72 9.88 38.06 0.235845 966.32 132.99 22.99 20.03
389,1348, 
390,1349,0.439322 35.31 32.33 8.96 36.07 0.303690 133.77 588.59 28.42 67.43
391,135, 
392,1350, 
393,1351, 
394,1352, 
395,1353, 
396,1354, 
397,1355, 
398,1356, 
399,1357,0.303023 852.38 528.44 10.93 46.45
400,1358, 
401,1359, 
402,136,0.512129 616.68 425.58 32.52 53.14
403,1360, 
404,1361, 
405,1362, 
406,1363, 
407,1364, 
408,1365,0.513022 362.68 679.66 53.23 10.06
409,1366, 
410,1367, 
411,1368, 
412,1369, 
413,137, 
414,1370, 
415,1371, 
416,1372, 
417,1373, 
418,1374,0.286975 886.06 898.28 8.19 44.16
419,1375, 
420,1376, 
421,1377, 
422,1378, 
423,1379, 
424,138, 
425,1380, 
426,1381, 
427,1382,0.357819 220.44 0.00 21.28 49.41 0.344019 545.70 653.67 12.95 40.14
428,1383, 
429,1384,0.574818 60.88 524.01 45.85 12.04 0.421331 139.81 896.53 30.07 10.61
430,1385, 
431,1386,0.324640 931.83 801.63 16.70 21.74
432,1387, 
433,1388, 
434,1389, 
435,139, 
436,1390, 
437,1391,0.345305 998.88 4.40 19.33 70.23 0.259256 146.43 889.72 19.13 30.99
438,1392, 
439,1393,0.300508 186.85 606.31 41.10 48.06
440,1394,0.315208 562.04 917.87 19.50 21.75
441,1395,0.313319 9.42 889.94 25.51 21.88
442,1396, 
443,1397, 
444,1398, 
445,1399, 
446,14, 
447,140, 
448,1400,0.253286 131.00 712.06 27.06 47.73
449,1401, 
450,1402,0.417937 778.27 974.60 52.21 22.29
451,1403, 
452,1404, 
453,1405, 
454,1406, 
455,1407,0.448408 225.98 770.95 35.63 12.35
456,1408,0.314291 301.53 582.70 46.97 45.00
457,1409, 
458,141,0.346564 440.73 371.43 29.39 48.78 0.305971 497.66 874.72 52.59 48.07
459,1410, 
460,1411, 
461,1412,0.281408 398.16 216.55 22.86 51.85
462,1413, 
463,1414, 
464,1415, 
465,1416, 
466,1417,0.285573 986.98 179.05 23.51 58.22 0.247893 656.25 625.52 56.42 18.75
467,1418, 
468,1419,0.343496 616.15 441.51 62.82 19.17
469,142, 
470,1420,0.248650 453.69 577.27 30.48 15.20
471,1421, 
472,1422, 
473,1423, 
474,1424, 
475,1425, 
476,1426, 
477,1427, 
478,1428, 
479,1429, 
480,143,0.354991 654.99 597.14 29.08 57.78 0.238487 667.82 699.16 19.06 32.29
481,1430, 
482,1431,0.387814 545.83 304.52 40.32 10.41 0.352483 976.30 666.70 43.97 47.07 0.238241 677.99 858.43 18.28 30.77
483,1432, 
484,1433, 
485,1434, 
486,1435,0.417893 562.92 934.87 65.45 10.76
487,1436,0.748524 791.40 87.12 18.99 89.51
488,1437, 
489,1438,0.407446 10.39 323.09 23.78 46.99
490,1439,0.364857 373.29 59.41 49.90 10.43
491,144, 
492,1440,0.315117 14.96 623.61 40.22 50.77 0.254234 930.80 673.38 41.16 8.99
493,1441, 
494,1442,0.297269 674.50 447.56 9.83 84.29
495,1443,0.257147 20.32 875.37 21.30 30.56
496,1444,0.444831 425.96 629.81 7.99 50.64
497,1445, 
498,1446,0.451986 91.50 106.54 68.12 11.66 0.327482 719.58 133.47 36.18 40.79
499,1447, 
500,1448,0.467550 428.40 731.38 62.06 9.43 0.333456 847.70 28.96 29.37 42.33
501,1449, 
502,145,0.372634 130.06 673.26 66.02 9.19
503,1450, 
504,1451,0.712987 536.93 251.89 10.45 40.58 0.582083 259.80 801.18 21.65 78.10
505,1452,0.627421 159.14 580.91 52.66 8.54
506,1453, 
507,1454,0.306037 937.08 157.08 41.71 44.82
508,1455,0.646020 752.97 307.58 117.18 56.89
509,1456, 
510,1457, 
511,1458, 
512,1459,0.271706 743.47 37.25 64.80 41.09
513,146,0.447666 708.64 890.05 28.09 55.61
514,1460,0.505525 125.74 447.77 67.33 8.59 0.417101 581.76 106.44 35.95 36.65
515,1461, 
516,1462, 
517,1463, 
518,1464, 
519,1465,0.241812 606.97 442.55 18.35 60.68
520,1466,0.268635 978.48 850.41 14.18 28.13
521,1467, 
522,1468, 
523,1469, 
524,147,0.310046 152.03 22.87 26.39 44.24
525,1470, 
526,1471,0.387243 563.60 356.01 27.49 57.38
527,1472,0.314783 581.55 710.78 33.33 11.51
528,1473, 
529,1474,0.346929 13.21 890.33 13.17 38.17
530,1475, 
531,1476,0.431398 105.65 383.74 9.75 59.56
532,1477, 
533,1478,0.325260 904.31 157.54 64.38 42.49
534,1479,0.481350 210.34 404.72 14.70 36.35
535,148, 
536,1480, 
537,1481, 
538,1482,0.373633 827.52 456.14 9.18 42.91 0.334441 529.56 607.43 54.06 22.36
539,1483, 
540,1484, 
541,1485,0.545943 27.36 476.18 29.96 65.30
542,1486,0.381397 863.49 314.22 30.55 55.21
543,1487, 
544,1488, 
545,1489,0.289503 162.09 880.65 40.22 36.13
546,149,0.450361 946.27 896.75 31.25 48.34 0.371608 904.54 66.47 76.91 34.94
547,1490, 
548,1491, 
549,1492, 
550,1493,0.244201 971.18 892.93 11.45 35.40
551,1494, 
552,1495,0.413505 771.27 342.52 49.50 15.34
553,1496, 
554,1497, 
555,1498, 
556,1499,0.506656 987.86 762.88 25.32 64.98
557,15, 
558,150,0.372105 675.44 303.50 49.59 35.69 0.366507 667.61 965.15 47.03 35.39
559,1500, 
560,1501, 
561,1502,0.448284 304.99 515.42 28.33 14.92
562,1503, 
563,1504,0.435636 1006.80 321.44 11.09 55.51
564,1505, 
565,1506,0.371488 871.04 743.79 14.70 32.48
566,1507,0.344527 165.84 215.32 14.78 48.30
567,1508,0.269542 912.76 728.71 28.96 49.15 0.244805 70.06 85.64 22.28 58.21
568,1509,0.272958 391.21 276.40 30.31 52.45
569,151,0.415229 826.56 234.28 8.14 35.72 0.296377 1005.66 880.79 11.95 34.90
570,1510,0.390222 214.13 771.50 57.68 9.89
571,1511, 
572,1512, 
573,1513, 
574,1514, 
575,1515, 
576,1516, 
577,1517, 
578,1518, 
579,1519, 
580,152, 
581,1520, 
582,1521, 
583,1522,0.347550 982.08 840.37 38.79 55.37
584,1523, 
585,1524, 
586,1525, 
587,1526,0.404049 768.10 619.72 25.58 55.95
588,1527, 
589,1528, 
590,1529,0.398374 668.46 253.20 14.83 31.23
591,153, 
592,1530,0.422761 693.43 48.43 9.85 85.02
593,1531, 
594,1532,0.237411 592.13 96.28 34.63 56.80
595,1533, 
596,1534, 
597,1535,0.395267 198.99 9.40 11.92 40.92
598,1536,0.486686 474.53 80.59 25.60 55.85
599,1537,0.658580 238.49 253.51 100.16 28.45
600,1538,0.358755 487.58 3.36 54.08 7.80
601,1539, 
602,154, 
603,1540, 
604,1541, 
605,1542,0.480703 825.43 913.53 53.36 13.98
606,1543,0.629329 426.61 559.41 47.41 95.23 0.297377 798.21 10.90 45.97 23.27
607,1544, 
608,1545, 
609,1546, 
610,1547,0.264633 898.29 621.87 44.19 11.48
611,1548, 
612,1549, 
613,155,0.270200 833.04 938.79 41.91 54.76
614,1550,0.282941 433.05 490.62 16.49 23.18
615,1551, 
616,1552, 
617,1553,0.250583 744.33 804.40 55.71 27.48
618,1554, 
619,1555, 
620,1556, 
621,1557, 
622,1558,0.341974 252.59 355.04 15.29 29.11
623,1559, 
624,156,0.776243 574.31 43.91 135.92 73.95 0.406543 557.45 212.76 16.07 49.21 0.392567 79.65 717.06 35.14 50.00
625,1560, 
626,1561,0.561811 804.78 123.56 60.73 35.91
627,1562, 
628,1563, 
629,1564,0.350129 682.34 137.57 36.96 11.58
630,1565,0.254508 878.87 351.95 9.24 31.28
631,1566, 
632,1567, 
633,1568, 
634,1569, 
635,157,0.341025 176.23 401.55 29.97 16.78
636,1570, 
637,1571, 
638,1572, 
639,1573,0.393000 732.81 827.05 9.30 49.79
640,1574, 
641,1575, 
642,1576, 
643,1577, 
644,1578, 
645,1579, 
646,158,0.386658 382.22 797.69 32.45 17.99 0.332812 14.79 833.71 36.57 8.64
647,1580,0.257921 126.39 523.19 32.44 12.10 0.256860 121.68 706.26 48.66 28.41
648,1581, 
649,1582, 
650,1583,0.438740 691.04 755.93 65.39 39.66 0.318357 552.39 747.17 10.46 86.24
651,1584, 
652,1585, 
653,1586, 
654,1587, 
655,1588, 
656,1589,0.597050 353.47 959.20 9.97 62.21 0.555578 802.10 552.59 62.89 32.71
657,159,0.825276 18.01 397.34 89.96 20.40 0.448113 695.81 686.83 29.19 65.80
658,1590, 
659,1591, 
660,1592,0.257694 134.19 265.95 19.87 63.18
661,1593, 
662,1594, 
663,1595,0.245415 822.84 618.54 36.05 42.54
664,1596, 
665,1597, 
666,1598, 
667,1599, 
668,16,0.255898 789.47 870.78 18.77 53.80
669,160, 
670,1600, 
671,1601, 
672,1602,0.377868 581.91 14.38 29.57 12.67
673,1603,0.323045 4.26 149.18 64.37 19.41 0.284398 377.97 43.30 35.78 40.14 0.274856 495.94 620.51 17.97 31.88
674,1604, 
675,1605,0.494383 276.50 105.91 14.34 76.58 0.421854 964.31 907.00 47.84 28.82
676,1606, 
677,1607, 
678,1608,0.527822 851.62 194.16 12.11 41.26 0.367275 279.74 453.70 82.67 35.00
679,1609, 
680,161,0.596856 825.15 454.91 63.33 37.59 0.292090 454.73 254.79 16.57 41.25
681,1610, 
682,1611, 
683,1612,0.252678 287.11 263.21 14.70 41.37
684,1613,0.447809 67.91 245.64 10.51 72.67 0.295992 828.96 32.12 31.34 57.49
685,1614, 
686,1615, 
687,1616,0.268566 152.93 704.39 24.62 19.99
688,1617, 
689,1618,0.850360 950.44 572.84 20.18 79.71 0.592555 118.71 7.93 56.14 29.53 0.239251 503.48 565.27 24.44 55.07
690,1619, 
691,162, 
692,1620,0.427333 995.26 20.18 22.82 69.36 0.343761 427.69 339.59 9.34 51.47
693,1621,0.281957 526.35 769.88 61.12 42.86
694,1622,0.240088 97.05 512.51 44.69 86.35
695,1623, 
696,1624,0.262405 370.46 555.39 27.81 51.46
697,1625, 
698,1626,0.327309 429.55 483.30 39.17 11.53
699,1627,0.333662 903.69 636.52 28.63 52.87 0.243486 411.31 44.97 52.02 28.85
700,1628, 
701,1629,0.259355 542.40 772.26 34.52 42.30
702,163, 
703,1630, 
704,1631, 
705,1632, 
706,1633, 
707,1634, 
708,1635,0.320745 25.33 197.52 64.84 19.01
709,1636, 
710,1637, 
711,1638, 
712,1639,0.245912 402.92 523.31 30.17 22.63
713,164, 
714,1640, 
715,1641, 
716,1642,0.466240 687.62 223.83 15.91 24.53 0.277457 657.10 856.17 46.57 48.23
717,1643, 
718,1644,0.455372 613.55 150.88 30.00 69.76
719,1645, 
720,1646, 
721,1647,0.537040 642.14 7.02 9.52 60.48 0.339637 132.53 574.24 41.57 14.03
722,1648,0.246749 412.57 478.86 21.35 77.97
723,1649,0.362730 300.94 782.28 42.01 15.14 0.300959 935.64 528.71 55.89 32.74
724,165, 
725,1650, 
726,1651, 
727,1652, 
728,1653,0.477230 516.99 193.37 30.35 71.44
729,1654, 
730,1655,0.596353 205.11 375.34 53.00 7.64
731,1656,0.344447 16.31 70.68 54.64 18.25
732,1657, 
733,1658,0.381929 388.59 744.00 50.25 29.50
734,1659, 
735,166, 
736,1660, 
737,1661,0.435898 285.26 957.78 37.26 51.37
738,1662,0.506710 296.85 548.27 26.83 62.07
739,1663,0.303523 309.04 168.10 24.05 94.88
740,1664,0.623692 818.28 801.97 43.17 13.64
741,1665, 
742,1666, 
743,1667, 
744,1668, 
745,1669, 
746,167,0.251366 231.83 980.38 72.64 11.80
747,1670,0.482548 8.28 976.19 60.73 20.15
748,1671, 
749,1672, 
750,1673, 
751,1674, 
752,1675,0.373330 900.18 709.16 50.02 57.73
753,1676,0.345186 3.99 278.05 59.31 29.95
754,1677, 
755,1678, 
756,1679, 
757,168, 
758,1680,0.256608 3.65 90.49 12.48 46.28 0.250173 111.03 523.66 30.56 48.28
759,1681, 
760,1682, 
761,1683, 
762,1684,0.350668 503.44 833.97 14.83 47.02
763,1685, 
764,1686,0.420277 847.27 539.07 12.22 47.63 0.248602 548.34 694.21 36.78 37.87
765,1687, 
766,1688, 
767,1689, 
768,169,0.274369 124.73 395.64 33.77 49.87
769,1690, 
770,1691, 
771,1692, 
772,1693,0.489561 804.72 609.60 55.13 10.20
773,1694,0.315508 299.45 95.17 50.59 79.45 0.276527 347.90 214.98 31.90 83.94
774,1695, 
775,1696, 
776,1697,0.258340 642.78 622.16 23.74 55.40
777,1698, 
778,1699, 
779,17, 
780,170, 
781,1700,0.289077 858.26 719.89 66.15 9.27
782,1701, 
783,1702,0.419258 136.52 354.72 10.85 31.34 0.351502 67.56 907.23 38.34 42.20
784,1703,0.537409 423.15 62.99 12.15 41.77 0.290902 880.86 523.37 74.52 11.62
785,1704,0.270059 441.37 227.45 20.73 58.71
786,1705, 
787,1706,0.291044 1000.22 316.57 19.94 60.22 0.259062 383.60 1009.80 36.90 12.30
788,1707,0.405763 881.45 740.96 27.76 81.06
789,1708, 
790,1709,0.492068 382.47 469.75 10.98 50.29
791,171, 
792,1710,0.477514 746.59 258.13 42.29 12.41
793,1711,0.449390 217.14 67.63 12.97 50.22
794,1712, 
795,1713, 
796,1714, 
797,1715, 
798,1716, 
799,1717,0.241756 229.39 854.79 36.86 67.17
800,1718, 
801,1719, 
802,172, 
803,1720,0.351715 365.12 186.71 47.26 12.70 0.248847 355.13 19.98 18.40 63.87
804,1721, 
805,1722, 
806,1723,0.616493 547.95 3.45 59.85 9.90
807,1724,0.487433 903.44 786.16 28.08 53.78
808,1725,0.460059 420.80 252.86 45.49 9.91
809,1726, 
810,1727, 
811,1728,0.392556 106.13 778.23 28.70 39.73
812,1729,0.262661 529.88 269.60 41.23 11.58
813,173,0.541317 401.24 220.99 46.22 9.70
814,1730,0.244127 370.06 300.51 69.83 26.21
815,1731,0.344421 449.84 739.65 18.97 35.11
816,1732,0.367109 587.12 491.43 14.94 64.90 0.268168 156.95 938.45 51.67 37.11
817,1733, 
818,1734,0.451857 115.73 239.72 46.66 12.95 0.400867 623.47 398.68 21.53 27.49
819,1735,0.319597 1003.50 487.72 18.49 22.87
820,1736, 
821,1737,0.277286 359.00 867.13 63.36 9.16
822,1738,0.428149 62.86 541.73 30.17 55.71 0.412387 749.47 606.96 16.14 22.20
823,1739, 
824,174,0.414884 14.70 3.30 52.58 27.72
825,1740, 
826,1741,0.270604 353.81 332.57 35.08 46.14
827,1742, 
828,1743,0.539172 107.46 96.96 11.40 69.78
829,1744, 
830,1745, 
831,1746,0.364958 197.52 950.83 53.52 33.53
832,1747, 
833,1748,0.295129 565.03 731.90 66.16 48.74
834,1749,0.261149 780.87 908.97 34.36 46.02
835,175,0.500222 950.70 833.19 64.21 87.05 0.486345 156.80 622.91 21.17 54.77
836,1750, 
837,1751, 
838,1752, 
839,1753,0.340273 420.16 684.08 54.43 23.84
840,1754,0.552661 462.77 4.10 55.89 10.15
841,1755,0.791865 690.63 162.48 109.52 75.15
842,1756,0.258325 597.71 51.87 20.99 16.54
843,1757, 
844,1758,0.270750 799.98 603.45 38.06 15.92
845,1759,0.271008 774.64 446.26 19.49 75.84
846,176, 
847,1760, 
848,1761, 
849,1762, 
850,1763, 
851,1764, 
852,1765,0.310948 917.06 476.13 19.52 71.80
853,1766,0.251966 577.01 937.99 48.35 40.81
854,1767,0.452025 517.76 249.84 69.00 41.05
855,1768,0.355765 200.20 760.25 37.15 65.93
856,1769,0.288224 945.06 641.08 44.20 30.46
857,177, 
858,1770,0.262534 252.84 93.72 21.48 58.41
859,1771, 
860,1772, 
861,1773, 
862,1774,0.401404 36.01 994.19 54.70 26.65 0.250541 630.74 117.75 14.01 39.55
863,1775, 
864,1776,0.285314 289.97 829.74 39.08 52.21
865,1777, 
866,1778,0.432697 423.89 8.30 54.43 30.28
867,1779,0.558932 855.53 108.13 9.63 55.10
868,178, 
869,1780,0.345214 938.33 264.15 11.65 57.07
870,1781,0.338530 487.65 115.63 26.06 11.39
871,1782, 
872,1783, 
873,1784, 
874,1785,0.398605 372.06 885.86 13.97 29.26
875,1786,0.250871 451.11 546.88 15.84 53.02
876,1787, 
877,1788,0.247952 580.01 633.55 28.95 38.00
878,1789, 
879,179, 
880,1790, 
881,1791, 
882,1792,0.271382 721.00 514.69 34.59 33.74
883,1793, 
884,1794, 
885,1795, 
886,1796,0.394773 846.23 811.97 26.44 14.90
887,1797,0.237536 836.47 265.65 40.36 42.10
888,1798, 
889,1799, 
890,18,0.280991 516.08 491.06 25.03 17.56
891,180, 
892,1800,0.573725 704.11 92.19 26.96 77.64
893,1801,0.414330 855.01 960.39 23.27 58.20
894,1802, 
895,1803,0.237908 508.01 685.57 44.91 38.17
896,1804, 
897,1805, 
898,1806, 
899,1807, 
900,1808, 
901,1809, 
902,181, 
903,1810, 
904,1811,0.291415 472.15 317.09 43.14 45.92
905,1812, 
906,1813, 
907,1814,0.299891 182.50 40.96 50.16 53.55
908,1815, 
909,1816, 
910,1817, 
911,1818,0.467552 329.48 916.36 10.94 44.62
912,1819,0.240133 680.84 360.03 57.80 11.72
913,182, 
914,1820, 
915,1821, 
916,1822,0.310519 789.59 462.18 63.24 16.23
917,1823, 
918,1824,0.267803 385.73 512.07 26.69 15.05 0.240804 915.01 613.00 49.41 47.01
919,1825, 
920,1826, 
921,1827, 
922,1828, 
923,1829, 
924,183,0.356083 184.89 253.68 29.78 64.39
925,1830, 
926,1831, 
927,1832, 
928,1833,0.425297 768.59 19.96 24.20 62.99 0.274061 70.17 797.78 18.19 27.29
929,1834,0.761385 46.53 627.99 8.84 56.18
930,1835,0.292505 37.84 118.05 33.08 65.05
931,1836, 
932,1837,0.432877 145.65 126.03 45.09 36.54 0.248220 485.41 474.10 74.81 55.43
933,1838, 
934,1839, 
935,184, 
936,1840, 
937,1841, 
938,1842, 
939,1843, 
940,1844,0.381434 930.25 444.98 73.88 78.16
941,1845, 
942,1846, 
943,1847,0.238114 50.21 943.35 45.30 14.03
944,1848,0.349088 709.93 930.95 45.91 52.51
945,1849, 
946,185,0.478455 151.74 195.20 8.05 53.53 0.245372 270.48 297.35 66.14 26.67
947,1850,0.543784 620.62 269.76 33.23 70.43
948,1851, 
949,1852,0.313109 117.23 385.90 51.53 9.82
950,1853, 
951,1854, 
952,1855,0.557439 519.04 234.72 9.44 39.82
953,1856, 
954,1857, 
955,1858,0.520609 936.67 624.80 11.70 66.38 0.377636 249.33 844.18 13.43 47.40 0.321583 322.68 227.95 39.54 41.54
956,1859, 
957,186, 
958,1860,0.359552 453.40 329.72 34.24 16.33
959,1861,0.560268 759.67 472.52 12.04 54.16 0.348500 776.35 652.48 70.05 38.71
960,1862,0.705308 11.28 320.05 23.39 57.67 0.572495 24.87 147.67 9.39 51.25
961,1863, 
962,1864, 
963,1865, 
964,1866,0.242956 24.95 386.34 47.12 9.15
965,1867, 
966,1868, 
967,1869, 
968,187, 
969,1870,0.235966 373.82 634.74 109.71 28.80
970,1871,0.571281 831.20 771.70 44.79 58.36 0.266216 421.01 654.97 33.18 17.92
971,1872, 
972,1873,0.271516 714.28 567.68 35.63 52.60
973,1874,0.338468 484.16 391.70 38.69 11.04
974,1875,0.343430 905.28 703.76 17.92 29.56
975,1876, 
976,1877, 
977,1878, 
978,1879, 
979,188,0.406834 573.73 539.31 57.61 11.75
980,1880, 
981,1881, 
982,1882, 
983,1883, 
984,1884, 
985,1885, 
986,1886, 
987,1887,0.462455 353.21 114.84 10.83 33.78
988,1888, 
989,1889, 
990,189,0.367830 912.65 170.50 20.24 77.67
991,1890,0.335518 661.03 497.03 37.38 33.05
992,1891, 
993,1892, 
994,1893, 
995,1894, 
996,1895, 
997,1896, 
998,1897, 
999,1898, 
1000,1899, 
1001,19, 
1002,190,0.686024 111.25 906.51 56.76 36.20
1003,1900, 
1004,1901,0.375070 123.07 265.63 28.00 54.64 0.289334 913.31 586.49 21.84 49.73
1005,1902, 
1006,1903, 
1007,1904,0.681906 108.21 842.26 9.48 61.22 0.385232 968.27 884.25 30.81 49.15 0.255990 722.38 455.01 25.73 10.37
1008,1905, 
1009,1906, 
1010,1907,0.411681 738.67 790.67 37.20 15.87
1011,1908,0.478774 67.49 147.39 40.23 34.79 0.251871 547.53 97.14 16.66 35.90
1012,1909, 
1013,191,0.415489 900.17 640.88 43.97 33.81 0.322943 237.28 562.63 24.01 21.72
1014,1910, 
1015,1911,0.443566 267.73 86.47 14.11 46.01
1016,1912, 
1017,1913, 
1018,1914,0.342561 258.31 436.91 26.18 61.32 0.300702 222.67 866.42 11.61 32.39
1019,1915, 
1020,1916, 
1021,1917,0.367193 321.02 483.94 28.00 17.87
1022,1918, 
1023,1919, 
1024,192,0.514869 422.64 811.24 15.82 30.90
1025,1920, 
1026,1921, 
1027,1922,0.450199 961.09 269.72 48.93 33.24 0.416043 776.55 856.99 43.85 34.69
1028,1923, 
1029,1924, 
1030,1925,0.381173 597.24 922.72 21.80 19.39
1031,1926,0.549580 452.82 766.42 30.63 62.23
1032,1927, 
1033,1928, 
1034,1929, 
1035,193,0.283972 126.37 265.06 35.55 19.16
1036,1930,0.413490 51.80 826.65 28.86 56.51 0.318514 947.98 573.99 40.50 38.19 0.246190 819.22 381.63 50.21 19.24
1037,1931, 
1038,1932, 
1039,1933,0.559087 610.12 530.10 48.92 7.62
1040,1934, 
1041,1935, 
1042,1936, 
1043,1937, 
1044,1938, 
1045,1939, 
1046,194,0.295952 480.17 368.49 8.89 46.33
1047,1940, 
1048,1941, 
1049,1942,0.456873 126.55 904.20 51.70 95.06 0.331318 19.16 435.26 33.45 8.74
1050,1943, 
1051,1944, 
1052,1945,0.314397 169.11 604.11 13.08 61.08
1053,1946, 
1054,1947, 
1055,1948, 
1056,1949,0.744053 558.14 519.51 82.11 22.37
1057,195,0.267672 95.14 822.50 56.75 20.92
1058,1950,0.313755 528.96 17.11 12.75 51.73
1059,1951,0.448995 110.82 545.60 88.91 24.16
1060,1952,0.309694 19.63 138.52 8.45 46.32 0.241146 22.41 138.76 8.77 47.77
1061,1953,0.401887 786.09 858.38 25.33 68.10
1062,1954, 
1063,1955,0.360089 4.28 971.48 39.19 26.81
1064,1956, 
1065,1957, 
1066,1958,0.462065 60.95 128.28 32.80 56.53 0.360362 961.58 390.58 48.59 14.33
1067,1959,0.428726 831.89 5.38 25.64 59.36
1068,196,0.280977 915.95 749.41 37.15 53.60
1069,1960, 
1070,1961, 
1071,1962, 
1072,1963, 
1073,1964,0.289740 902.17 201.75 43.74 9.44
1074,1965,0.629494 967.44 709.45 12.47 45.17 0.398829 449.49 80.32 31.66 55.29
1075,1966, 
1076,1967, 
1077,1968,0.275197 795.76 76.13 9.01 69.95
1078,1969,0.273773 799.78 363.51 14.58 25.87
1079,197, 
1080,1970, 
1081,1971, 
1082,1972,0.417920 805.19 147.21 27.48 41.78
1083,1973,0.296145 939.61 779.52 10.26 59.58
1084,1974,0.413003 454.26 375.55 20.40 64.90
1085,1975,0.750657 379.70 559.92 90.41 20.69 0.536000 952.33 628.13 63.07 10.74 0.310214 564.61 4.89 47.30 39.92
1086,1976, 
1087,1977, 
1088,1978,0.254030 811.92 231.11 89.63 63.43
1089,1979,0.280533 327.99 340.54 48.02 15.59
1090,198,0.278785 200.51 986.98 41.36 34.57 0.272466 864.95 590.37 28.20 48.25
1091,1980,0.296617 141.23 444.84 66.29 19.62
1092,1981, 
1093,1982,0.584644 706.35 621.29 65.50 8.27
1094,1983,0.558264 155.74 792.21 55.38 9.64
1095,1984, 
1096,1985,0.241506 617.69 837.95 28.62 41.55
1097,1986,0.247293 58.04 537.56 11.62 29.73
1098,1987,0.495097 677.00 975.09 38.25 13.55 0.314477 115.34 533.71 24.46 54.56
1099,1988, 
1100,1989, 
1101,199, 
1102,1990, 
1103,1991, 
1104,1992, 
1105,1993, 
1106,1994, 
1107,1995, 
1108,1996,0.235792 736.52 728.59 62.84 21.42
1109,1997, 
1110,1998, 
1111,1999, 
1112,2,0.297766 637.71 294.29 43.40 64.79
1113,20,0.596615 380.65 85.57 20.19 68.96 0.333850 247.40 518.97 13.99 55.49
1114,200, 
1115,201,0.511415 410.62 783.84 55.29 10.93
1116,202, 
1117,203, 
1118,204,0.261388 401.11 939.81 46.99 47.21
1119,205,0.407552 754.26 355.13 33.95 63.64 0.279721 704.31 612.06 9.95 39.21
1120,206, 
1121,207, 
1122,208,0.326863 953.48 482.47 22.09 49.33
1123,209, 
1124,21, 
1125,210,0.335841 779.78 269.44 15.56 28.56
1126,211, 
1127,212,0.517974 0.00 529.70 47.03 41.76
1128,213,0.598722 539.46 752.98 8.44 52.70
1129,214, 
1130,215, 
1131,216,0.276537 954.33 334.35 11.50 31.89
1132,217, 
1133,218,0.636909 765.49 523.41 18.61 84.18
1134,219,0.255917 346.85 762.15 16.29 29.65
1135,22,0.660331 312.97 394.73 8.86 55.09
1136,220, 
1137,221, 
1138,222,0.551418 709.47 90.34 68.17 29.71
1139,223,0.411036 452.54 121.24 42.52 32.71
1140,224, 
1141,225, 
1142,226, 
1143,227, 
1144,228, 
1145,229,0.289893 789.82 139.31 11.88 45.82
1146,23, 
1147,230, 
1148,231, 
1149,232, 
1150,233, 
1151,234,0.326746 207.28 200.57 30.17 45.48 0.321945 484.02 282.59 10.54 43.87 0.306675 275.63 147.57 20.57 34.94
1152,235,0.258644 298.05 7.64 52.83 50.31
1153,236,0.311469 580.94 189.03 28.15 38.25
1154,237,0.418265 321.99 332.93 53.24 21.90 0.253319 856.24 0.67 19.94 57.99
1155,238, 
1156,239, 
1157,24, 
1158,240, 
1159,241, 
1160,242,0.296578 655.38 940.69 16.48 34.06 0.253302 625.03 846.03 20.32 32.79
1161,243,0.499072 776.33 342.15 88.87 45.37 0.437037 265.46 352.04 119.21 59.53
1162,244, 
1163,245, 
1164,246, 
1165,247, 
1166,248,0.337398 585.35 410.02 30.45 48.53
1167,249, 
1168,25, 
1169,250, 
1170,251, 
1171,252, 
1172,253, 
1173,254, 
1174,255, 
1175,256, 
1176,257, 
1177,258, 
1178,259, 
1179,26,0.263182 576.25 79.84 8.42 49.04
1180,260,0.484718 604.21 638.71 23.61 73.58 0.279519 508.51 781.74 40.64 48.03
1181,261, 
1182,262, 
1183,263,0.534096 314.98 744.20 80.27 8.93 0.250840 614.45 588.06 17.29 21.02
1184,264,0.380466 322.60 772.89 9.89 34.58
1185,265, 
1186,266, 
1187,267,0.633106 268.77 24.22 47.68 9.38
1188,268, 
1189,269, 
1190,27,0.372971 812.98 866.00 77.06 34.82
1191,270, 
1192,271, 
1193,272, 
1194,273, 
1195,274,0.308647 916.24 548.01 25.38 58.98
1196,275, 
1197,276, 
1198,277, 
1199,278, 
1200,279, 
1201,28, 
1202,280, 
1203,281, 
1204,282, 
1205,283, 
1206,284, 
1207,285,0.500249 865.53 924.40 25.59 62.80
1208,286, 
1209,287,0.609556 433.38 733.33 14.01 46.00 0.603775 847.14 659.19 27.19 68.43 0.539610 594.28 956.47 54.53 10.61
1210,288, 
1211,289,0.467280 491.86 413.39 22.80 29.54
1212,29,0.380771 118.22 730.66 50.97 15.16
1213,290, 
1214,291,0.270284 190.17 901.23 14.80 27.93
1215,292,0.266900 675.85 479.40 64.95 32.54
1216,293, 
1217,294,0.495304 134.95 468.12 23.19 52.49 0.285928 635.63 2.52 42.06 34.72
1218,295, 
1219,296,0.255388 81.69 226.39 56.98 35.14
1220,297, 
1221,298,0.317335 6.49 100.99 23.40 55.03
1222,299, 
1223,3,0.313426 767.11 428.98 26.98 100.82
1224,30,0.401537 946.92 932.54 74.89 29.16 0.271302 576.38 772.32 81.66 25.83
1225,300,0.449335 712.68 831.83 79.71 63.27
1226,301,0.602820 609.39 1.86 69.31 89.64 0.546698 206.98 111.42 13.26 40.85 0.303491 607.59 417.59 48.10 29.44
1227,302,0.456407 236.28 527.68 44.92 8.12
1228,303,0.244649 795.30 839.49 32.46 53.98
1229,304,0.405431 449.95 802.72 33.93 11.28
1230,305, 
1231,306,0.514305 389.75 497.79 74.39 32.79 0.272119 780.96 96.07 51.28 15.92
1232,307, 
1233,308, 
1234,309,0.261131 758.45 947.71 35.50 7.09
1235,31,0.445508 98.36 773.02 43.65 50.45
1236,310,0.659109 205.92 989.35 41.66 8.18
1237,311,0.595331 629.03 668.01 53.97 12.42
1238,312, 
1239,313, 
1240,314, 
1241,315, 
1242,316, 
1243,317, 
1244,318, 
1245,319, 
1246,32, 
1247,320, 
1248,321, 
1249,322, 
1250,323,0.361593 164.83 630.44 35.86 13.49
1251,324,0.265250 789.37 586.33 15.41 24.94
1252,325,0.366396 822.56 566.15 34.02 54.07
1253,326,0.754590 53.60 730.78 19.63 78.92 0.286012 911.99 332.03 18.39 25.05
1254,327, 
1255,328,0.541371 86.73 868.31 9.34 45.81
1256,329,0.275018 315.62 956.97 65.81 16.35
1257,33,0.648672 339.10 763.78 51.43 104.79
1258,330, 
1259,331, 
1260,332, 
1261,333, 
1262,334, 
1263,335,0.424868 393.60 460.22 21.08 65.32
1264,336, 
1265,337, 
1266,338, 
1267,339, 
1268,34, 
1269,340,0.367622 177.42 187.40 45.71 30.96
1270,341, 
1271,342,0.261424 965.45 378.64 41.60 45.00
1272,343, 
1273,344,0.248111 780.40 173.24 33.68 18.75
1274,345, 
1275,346, 
1276,347, 
1277,348, 
1278,349, 
1279,35,0.376774 709.57 711.93 21.26 52.19
1280,350, 
1281,351,0.558050 378.76 791.61 23.85 54.32 0.235010 134.36 862.91 41.69 9.85
1282,352, 
1283,353,0.594027 682.87 549.27 8.90 42.55
1284,354, 
1285,355, 
1286,356,0.414380 302.29 136.73 54.54 8.52
1287,357, 
1288,358, 
1289,359,0.316522 453.50 550.09 36.00 39.39
1290,36,0.400398 209.72 218.32 14.36 27.29
1291,360, 
1292,361, 
1293,362, 
1294,363,0.791738 927.94 147.43 26.98 73.06 0.322765 330.37 238.80 39.16 47.22
1295,364, 
1296,365, 
1297,366, 
1298,367, 
1299,368, 
1300,369,0.525414 510.58 873.38 54.31 9.75
1301,37, 
1302,370,0.682521 191.67 887.59 77.42 21.63 0.291968 992.94 630.78 23.53 51.42
1303,371, 
1304,372,0.473900 791.71 218.14 20.91 59.43
1305,373, 
1306,374,0.287998 589.52 707.14 29.98 23.30
1307,375, 
1308,376,0.597887 358.62 993.56 97.58 24.26
1309,377,0.265512 712.70 35.10 34.69 55.34
1310,378,0.429388 758.93 818.84 13.29 42.28 0.375963 106.39 536.14 47.84 28.71
1311,379,0.348865 339.26 221.03 17.06 37.62
1312,38,0.297811 94.17 0.00 46.04 32.59
1313,380, 
1314,381, 
1315,382,0.348014 983.07 978.00 34.96 41.35
1316,383,0.610363 705.48 703.02 16.23 77.76
1317,384, 
1318,385,0.296446 811.76 471.78 25.63 53.03
1319,386,0.520310 184.24 957.53 87.96 20.91
1320,387,0.357147 365.37 969.26 56.32 34.96 0.235704 1002.53 263.41 8.83 51.43
1321,388,0.474453 373.38 310.76 9.28 35.62
1322,389,0.470322 945.44 136.81 23.06 60.20 0.318897 294.85 64.21 45.69 15.29
1323,39,0.594131 146.66 362.88 50.95 9.00 0.484308 3.05 611.07 26.95 98.44 0.272787 211.77 493.24 77.17 24.42
1324,390, 
1325,391, 
1326,392, 
1327,393, 
1328,394,0.289040 497.23 354.49 74.74 33.64
1329,395, 
1330,396, 
1331,397,0.379910 380.39 600.27 19.25 64.77
1332,398,0.513724 335.37 209.61 61.73 24.66
1333,399,0.317303 965.01 373.32 49.27 36.38
1334,4,0.270601 236.07 733.19 18.34 36.50
1335,40,0.521068 671.58 723.11 9.76 51.15
1336,400, 
1337,401, 
1338,402, 
1339,403, 
1340,404,0.266210 287.68 596.34 42.34 31.85
1341,405, 
1342,406, 
1343,407,0.649000 284.38 77.19 7.99 50.38 0.359855 346.90 608.02 8.19 47.02
1344,408, 
1345,409, 
1346,41, 
1347,410,0.551358 639.53 315.63 8.64 55.57 0.399190 352.05 783.52 34.04 52.79
1348,411, 
1349,412, 
1350,413, 
1351,414, 
1352,415,0.547232 793.24 958.93 124.04 48.64
1353,416, 
1354,417, 
1355,418,0.284614 611.33 110.60 61.55 20.53
1356,419, 
1357,42,0.380182 442.73 496.22 34.49 14.95 0.241537 73.49 261.25 23.34 43.50
1358,420, 
1359,421, 
1360,422, 
1361,423,0.445966 750.13 549.47 45.67 39.87
1362,424,0.360654 262.17 630.37 33.89 8.01
1363,425, 
1364,426,0.329368 311.24 743.55 38.06 62.85
1365,427, 
1366,428,0.236188 294.91 99.44 43.42 40.64
1367,429, 
1368,43,0.573156 658.67 991.91 82.73 21.46 0.251381 639.85 378.72 29.78 12.68
1369,430,0.323160 1004.30 659.72 17.61 25.37
1370,431, 
1371,432, 
1372,433,0.338191 493.85 150.86 9.74 48.49
1373,434,0.384305 518.23 370.31 24.27 54.11 0.274553 955.49 31.55 33.70 14.08 0.242518 744.85 379.10 39.59 54.48
1374,435, 
1375,436, 
1376,437, 
1377,438, 
1378,439, 
1379,44, 
1380,440,0.300185 1.59 162.15 35.49 43.90
1381,441, 
1382,442, 
1383,443, 
1384,444,0.351239 834.66 599.27 14.58 48.10
1385,445, 
1386,446,0.383466 250.33 499.82 34.08 49.12 0.267669 861.00 367.02 60.43 8.82
1387,447, 
1388,448, 
1389,449,0.421288 678.05 425.19 37.90 9.68
1390,45,0.246491 312.20 56.13 46.12 40.39
1391,450, 
1392,451, 
1393,452,0.290069 151.89 2.59 34.29 59.51
1394,453, 
1395,454,0.463304 660.07 861.56 34.28 44.01
1396,455,0.480931 396.25 862.68 32.44 15.61 0.282549 615.52 338.99 22.62 14.61
1397,456, 
1398,457, 
1399,458,0.422087 781.82 803.44 74.29 22.91
1400,459, 
1401,46,0.526889 739.81 595.79 38.95 48.44 0.381533 834.69 318.11 53.76 29.04 0.262677 213.15 478.91 55.68 28.76 0.240646 530.40 319.99 16.51 54.36
1402,460,0.375594 933.89 532.95 19.38 27.44
1403,461, 
1404,462, 
1405,463, 
1406,464, 
1407,465, 
1408,466, 
1409,467, 
1410,468, 
1411,469, 
1412,47, 
1413,470, 
1414,471,0.298734 149.13 1005.70 44.00 15.12
1415,472,0.704019 313.25 271.76 67.91 33.56
1416,473, 
1417,474,0.267141 573.52 235.18 18.67 17.17
1418,475, 
1419,476, 
1420,477, 
1421,478, 
1422,479, 
1423,48, 
1424,480,0.615843 412.97 935.84 97.93 72.24 0.330605 142.68 548.43 32.96 55.84
1425,481, 
1426,482,0.338396 437.33 587.28 10.37 49.38
1427,483, 
1428,484, 
1429,485, 
1430,486, 
1431,487,0.270859 781.87 731.80 14.14 29.83
1432,488, 
1433,489,0.315314 638.38 557.78 10.88 95.98
1434,49, 
1435,490,0.279144 256.21 6.92 46.72 58.30
1436,491,0.753489 710.85 401.36 20.69 92.15 0.664358 219.60 558.25 62.56 25.29 0.396058 538.61 925.45 32.74 97.19
1437,492,0.360054 71.36 84.86 25.52 50.13 0.308322 460.78 207.59 50.23 46.56
1438,493, 
1439,494, 
1440,495, 
1441,496, 
1442,497, 
1443,498, 
1444,499, 
1445,5, 
1446,50, 
1447,500, 
1448,501, 
1449,502, 
1450,503,0.302395 806.84 144.11 30.31 40.21 0.280041 677.15 874.40 15.82 59.21
1451,504, 
1452,505, 
1453,506, 
1454,507, 
1455,508, 
1456,509,0.347886 524.72 710.52 25.89 50.82 0.250108 5.04 261.64 42.76 39.61
1457,51, 
1458,510,0.329850 403.62 136.79 56.22 39.00
1459,511,0.260128 461.12 751.32 20.25 48.07
1460,512, 
1461,513, 
1462,514, 
1463,515, 
1464,516, 
1465,517, 
1466,518, 
1467,519, 
1468,52, 
1469,520, 
1470,521, 
1471,522, 
1472,523, 
1473,524,0.245908 506.77 490.33 23.54 54.16
1474,525, 
1475,526,0.406995 563.00 839.11 29.32 17.96
1476,527, 
1477,528, 
1478,529, 
1479,53,0.649134 692.48 728.59 68.17 83.20
1480,530, 
1481,531, 
1482,532, 
1483,533,0.250639 420.53 87.09 12.49 54.99
1484,534, 
1485,535, 
1486,536, 
1487,537, 
1488,538, 
1489,539,0.239629 536.53 697.17 32.42 20.17
1490,54, 
1491,540,0.362239 636.87 495.76 75.74 11.60 0.255159 941.54 650.51 14.91 30.84
1492,541, 
1493,542,0.717607 250.84 789.96 9.51 52.15 0.380056 986.12 761.54 34.34 89.95
1494,543, 
1495,544, 
1496,545,0.452346 967.45 118.86 10.26 43.68
1497,546, 
1498,547, 
1499,548,0.594742 948.33 55.65 8.33 51.56
1500,549, 
1501,55, 
1502,550, 
1503,551,0.522911 448.92 644.09 52.17 25.10 0.308499 694.68 866.12 146.77 22.08
1504,552,0.325890 8.20 717.36 21.34 51.50
1505,553, 
1506,554, 
1507,555,0.318577 684.87 857.02 78.13 9.66
1508,556, 
1509,557, 
1510,558,0.270042 0.00 840.66 39.26 29.62
1511,559,0.299493 914.06 533.56 49.27 11.00
1512,56, 
1513,560,0.301223 672.40 342.43 57.29 21.84
1514,561, 
1515,562,0.249565 928.73 812.65 33.50 9.87
1516,563,0.273810 633.75 175.56 9.05 53.26
1517,564, 
1518,565, 
1519,566,0.648917 804.62 348.94 8.96 50.06
1520,567,0.253292 610.72 789.32 31.49 21.32
1521,568,0.426295 825.35 572.94 9.07 33.60
1522,569, 
1523,57,0.246277 545.35 447.80 41.43 44.79
1524,570, 
1525,571, 
1526,572, 
1527,573,0.259118 145.74 698.16 15.15 43.28
1528,574, 
1529,575, 
1530,576, 
1531,577, 
1532,578, 
1533,579,0.602438 919.36 3.85 47.74 7.98 0.290005 877.18 202.52 58.95 41.76
1534,58,0.522025 980.79 605.73 39.04 45.25
1535,580, 
1536,581,0.554694 962.00 830.72 30.66 72.45
1537,582, 
1538,583,0.273599 33.27 544.19 9.61 39.64 0.237886 641.20 1002.87 22.35 16.46
1539,584, 
1540,585,0.272939 206.60 930.40 45.29 24.94
1541,586,0.349473 866.74 283.61 9.33 38.89
1542,587, 
1543,588,0.367275 791.21 956.56 42.30 58.01
1544,589, 
1545,59,0.564392 456.53 219.30 37.69 43.27
1546,590, 
1547,591, 
1548,592, 
1549,593,0.307842 324.27 91.81 66.79 16.92
1550,594, 
1551,595,0.614022 835.11 620.05 52.75 9.39 0.284407 407.18 14.80 40.27 42.30
1552,596,0.520837 265.28 455.38 51.57 8.57
1553,597,0.339480 496.40 191.09 39.28 31.53
1554,598, 
1555,599,0.386909 414.34 625.16 10.48 28.22
1556,6, 
1557,60, 
1558,600, 
1559,601,0.342948 92.11 658.15 61.21 41.38
1560,602, 
1561,603,0.489971 384.91 961.98 57.12 30.85 0.423997 649.31 459.34 46.30 52.48 0.276949 267.71 376.85 10.40 43.86 0.237997 757.70 789.95 28.17 50.62
1562,604,0.458200 916.88 5.48 36.58 77.04
1563,605, 
1564,606, 
1565,607,0.388229 485.13 133.67 50.49 29.23
1566,608,0.243872 242.37 60.17 22.59 87.19
1567,609, 
1568,61, 
1569,610, 
1570,611,0.275401 147.60 62.03 24.82 47.64
1571,612,0.269142 622.98 872.16 30.97 15.90
1572,613, 
1573,614, 
1574,615,0.256174 461.34 774.25 54.67 35.22
1575,616,0.313339 760.16 985.22 46.17 32.88
1576,617,0.330993 778.56 709.10 15.48 52.81
1577,618, 
1578,619, 
1579,62, 
1580,620, 
1581,621,0.334502 605.55 217.34 57.21 9.88
1582,622, 
1583,623, 
1584,624,0.509421 354.89 558.96 33.72 62.07
1585,625, 
1586,626, 
1587,627, 
1588,628,0.497121 265.64 10.40 48.62 94.45
1589,629, 
1590,63, 
1591,630, 
1592,631, 
1593,632, 
1594,633,0.350403 395.02 92.96 65.54 15.53 0.323800 537.43 595.52 49.32 17.43
1595,634,0.287823 352.12 255.17 62.84 21.01
1596,635,0.239014 391.91 594.39 32.92 34.10
1597,636, 
1598,637, 
1599,638, 
1600,639, 
1601,64, 
1602,640,0.308288 577.26 916.52 14.35 44.18
1603,641, 
1604,642, 
1605,643, 
1606,644, 
1607,645,0.445749 454.38 256.46 14.88 53.85
1608,646, 
1609,647, 
1610,648,0.729480 58.29 334.92 89.89 29.00
1611,649,0.703054 300.66 19.32 23.49 80.85 0.269816 376.64 506.75 22.00 18.26
1612,65, 
1613,650,0.722701 99.47 908.68 78.20 24.11 0.328322 900.33 396.09 26.52 70.02
1614,651, 
1615,652, 
1616,653, 
1617,654, 
1618,655, 
1619,656, 
1620,657,0.294992 556.98 831.30 19.31 23.24
1621,658, 
1622,659,0.428551 872.97 528.50 28.85 56.79
1623,66, 
1624,660, 
1625,661, 
1626,662,0.235707 838.71 38.59 59.22 53.08
1627,663, 
1628,664,0.343714 942.59 307.52 47.46 35.69
1629,665, 
1630,666,0.308626 906.21 606.48 61.38 24.17
1631,667, 
1632,668, 
1633,669, 
1634,67,0.412752 948.78 559.82 8.86 41.76
1635,670, 
1636,671, 
1637,672,0.441645 346.81 855.55 40.93 13.69
1638,673,0.375164 64.74 157.41 14.32 43.06
1639,674,0.375834 392.50 936.62 24.68 72.79
1640,675, 
1641,676,0.291685 739.69 433.06 26.61 50.34
1642,677,0.395526 741.72 50.89 67.07 36.33 0.238263 378.88 249.41 29.76 32.53
1643,678, 
1644,679,0.361972 696.53 17.11 31.50 45.36
1645,68,0.628899 256.58 525.22 23.49 55.50 0.400823 400.59 676.15 26.44 102.36
1646,680, 
1647,681, 
1648,682, 
1649,683,0.499395 997.37 351.93 13.54 57.44 0.296406 676.44 809.28 36.26 47.15
1650,684, 
1651,685, 
1652,686, 
1653,687, 
1654,688,0.266546 647.40 413.81 12.67 48.73 0.239203 841.88 731.54 17.55 25.43
1655,689, 
1656,69, 
1657,690,0.279859 877.04 806.88 19.81 28.82
1658,691, 
1659,692,0.444788 672.70 504.57 11.94 82.00 0.316054 916.84 809.17 8.58 45.43
1660,693,0.449616 146.06 25.52 46.35 34.14
1661,694, 
1662,695, 
1663,696, 
1664,697, 
1665,698, 
1666,699, 
1667,7, 
1668,70, 
1669,700,0.328745 893.14 851.55 21.09 70.85 0.239879 681.73 873.26 22.15 18.79
1670,701, 
1671,702, 
1672,703, 
1673,704,0.304841 540.92 680.32 8.75 57.07 0.256935 826.50 790.15 20.38 37.42
1674,705, 
1675,706, 
1676,707, 
1677,708, 
1678,709,0.264315 790.51 574.04 26.58 64.37
1679,71,0.236316 222.83 302.22 17.75 62.73
1680,710, 
1681,711, 
1682,712,0.412848 300.00 171.40 10.08 54.93 0.407206 309.06 481.23 67.39 29.17
1683,713,0.439601 5.75 373.72 33.24 8.55
1684,714,0.351793 945.50 917.32 46.07 62.63
1685,715,0.378351 238.55 393.07 11.29 35.15
1686,716, 
1687,717, 
1688,718,0.513123 639.19 713.10 77.07 15.97
1689,719, 
1690,72, 
1691,720, 
1692,721,0.409042 621.46 215.34 8.80 39.75
1693,722,0.341736 835.53 994.89 21.80 26.84
1694,723,0.420213 22.69 857.93 114.48 12.16
1695,724, 
1696,725,0.525329 866.39 717.96 72.53 38.31
1697,726, 
1698,727, 
1699,728,0.579031 45.43 85.65 14.75 53.17
1700,729, 
1701,73, 
1702,730,0.497380 1.23 962.38 43.12 15.77 0.250903 1003.42 614.05 18.13 19.97
1703,731,0.313215 471.43 245.25 21.59 22.34
1704,732,0.318520 37.99 725.45 29.85 59.32
1705,733, 
1706,734,0.625021 818.44 617.79 43.72 11.60
1707,735,0.266075 114.02 581.38 23.07 55.56 0.242660 860.83 578.90 31.82 36.89
1708,736,0.247810 450.41 730.08 32.09 16.28
1709,737, 
1710,738,0.421502 365.86 495.71 44.53 36.43 0.411916 897.27 377.90 51.72 32.32
1711,739,0.386465 35.30 967.56 11.28 38.49
1712,74,0.399839 141.37 370.54 41.70 39.12
1713,740, 
1714,741, 
1715,742, 
1716,743, 
1717,744,0.372419 411.10 783.67 43.39 73.16
1718,745, 
1719,746, 
1720,747, 
1721,748,0.383163 265.96 898.33 16.91 20.34 0.266913 245.29 268.14 24.74 73.65
1722,749, 
1723,75,0.628372 444.90 82.33 8.12 53.39
1724,750,0.341064 119.92 585.97 43.92 46.23
1725,751, 
1726,752, 
1727,753, 
1728,754,0.523614 463.62 848.89 104.98 82.78 0.249837 839.90 998.76 72.04 18.90
1729,755, 
1730,756, 
1731,757, 
1732,758, 
1733,759, 
1734,76,0.303572 763.83 562.71 30.35 51.14
1735,760, 
1736,761,0.347244 990.50 384.46 9.39 48.15
1737,762, 
1738,763,0.386119 270.25 856.99 27.28 45.53
1739,764,0.277824 361.67 687.75 49.97 11.12
1740,765,0.406052 367.00 857.90 35.37 40.88
1741,766, 
1742,767, 
1743,768, 
1744,769, 
1745,77, 
1746,770, 
1747,771, 
1748,772, 
1749,773, 
1750,774, 
1751,775,0.785074 732.99 640.04 54.32 32.18
1752,776, 
1753,777,0.487740 813.96 474.11 38.48 44.54 0.374596 308.50 451.31 33.53 35.68 0.284938 246.24 52.76 52.75 31.54
1754,778, 
1755,779, 
1756,78, 
1757,780, 
1758,781,0.367971 814.43 37.20 8.85 47.95
1759,782,0.508526 6.16 178.31 30.75 49.49
1760,783,0.483469 590.04 934.53 48.81 14.32
1761,784, 
1762,785, 
1763,786, 
1764,787, 
1765,788,0.581394 663.83 779.90 27.07 53.19 0.486252 463.98 552.05 17.05 25.88
1766,789, 
1767,79,0.364499 988.84 536.62 31.30 43.56 0.311868 853.36 34.30 65.55 21.23 0.239941 343.72 319.55 38.44 61.83
1768,790, 
1769,791, 
1770,792, 
1771,793, 
1772,794,0.286611 589.14 753.26 57.52 68.34
1773,795, 
1774,796,0.341766 443.41 168.73 38.18 11.40
1775,797, 
1776,798,0.295946 464.32 426.47 108.09 38.94
1777,799, 
1778,8, 
1779,80, 
1780,800,0.358588 853.84 146.42 36.90 12.65
1781,801,0.326959 138.72 548.72 11.97 56.14
1782,802,0.282984 514.88 5.95 40.02 46.32
1783,803,0.392571 640.73 336.11 21.41 55.89
1784,804, 
1785,805,0.537374 535.36 591.83 10.23 45.66 0.502034 972.58 506.51 31.36 55.41
1786,806,0.239732 474.84 729.12 32.09 41.69
1787,807,0.247207 147.99 190.33 14.90 38.29
1788,808, 
1789,809, 
1790,81, 
1791,810, 
1792,811, 
1793,812,0.622260 352.53 482.93 10.26 80.82
1794,813, 
1795,814,0.289110 842.84 841.28 42.88 39.87
1796,815, 
1797,816, 
1798,817, 
1799,818, 
1800,819,0.650069 966.86 510.19 9.87 53.35
1801,82, 
1802,820,0.341947 635.76 947.25 17.05 44.38
1803,821,0.350268 137.24 841.89 57.30 15.17
1804,822,0.260570 625.35 397.02 19.49 29.16
1805,823,0.592363 755.35 263.54 37.24 45.16 0.355022 899.85 393.03 38.54 16.77 0.313319 653.13 603.38 54.92 19.69
1806,824, 
1807,825, 
1808,826, 
1809,827, 
1810,828, 
1811,829,0.298065 677.24 778.67 49.68 16.41
1812,83, 
1813,830, 
1814,831,0.262417 626.39 91.80 53.23 28.65
1815,832, 
1816,833,0.626862 937.45 209.85 8.31 52.10
1817,834, 
1818,835, 
1819,836, 
1820,837, 
1821,838, 
1822,839, 
1823,84, 
1824,840, 
1825,841, 
1826,842, 
1827,843,0.338151 130.37 871.04 36.52 55.96
1828,844, 
1829,845, 
1830,846,0.270288 466.22 987.88 37.03 12.07
1831,847, 
1832,848, 
1833,849, 
1834,85, 
1835,850, 
1836,851,0.401843 23.65 141.51 20.78 87.58
1837,852, 
1838,853,0.348880 524.97 852.86 20.41 21.93
1839,854, 
1840,855,0.596971 189.73 801.23 57.84 31.49
1841,856, 
1842,857, 
1843,858, 
1844,859,0.390032 834.22 538.01 16.27 28.17
1845,86,0.264901 865.04 788.74 47.95 28.69
1846,860,0.273909 125.20 663.46 46.74 32.38
1847,861, 
1848,862, 
1849,863,0.272117 674.44 277.72 49.28 23.36
1850,864, 
1851,865,0.365504 184.90 486.99 35.85 63.94
1852,866, 
1853,867,0.246018 13.76 54.53 50.76 30.78
1854,868, 
1855,869,0.299766 546.88 956.62 40.35 62.65
1856,87,0.377178 972.73 712.72 14.51 50.97 0.321248 542.89 434.33 16.98 30.76
1857,870, 
1858,871, 
1859,872, 
1860,873, 
1861,874,0.360957 515.43 207.64 60.12 10.23
1862,875,0.302889 419.55 5.02 22.54 16.80
1863,876,0.387009 475.99 431.87 63.81 29.04
1864,877,0.261832 328.95 194.27 64.68 70.40
1865,878,0.648524 98.88 259.91 118.36 19.47 0.296571 109.55 797.63 31.16 37.80
1866,879, 
1867,88, 
1868,880, 
1869,881, 
1870,882,0.502580 973.34 66.64 30.87 62.58
1871,883, 
1872,884,0.493425 753.33 671.47 10.09 55.98
1873,885,0.637066 248.66 747.54 11.64 42.41
1874,886, 
1875,887, 
1876,888, 
1877,889, 
1878,89, 
1879,890, 
1880,891,0.446131 805.27 174.43 11.18 50.56
1881,892,0.298743 156.35 996.58 53.06 24.44
1882,893, 
1883,894, 
1884,895,0.235694 280.26 930.41 11.62 39.50
1885,896, 
1886,897,0.235016 646.04 731.37 67.27 24.12
1887,898, 
1888,899,0.354886 761.14 309.26 38.31 38.27
1889,9,0.267265 596.36 912.10 27.99 62.36
1890,90, 
1891,900, 
1892,901,0.303761 213.17 808.34 8.88 61.84
1893,902,0.466311 938.12 44.78 11.73 38.12
1894,903,0.280831 727.63 465.99 17.10 32.86
1895,904,0.398069 250.04 978.46 17.77 25.17
1896,905,0.675834 930.50 105.43 66.98 39.49
1897,906, 
1898,907, 
1899,908,0.522978 862.48 230.18 40.33 14.13
1900,909,0.266486 67.40 163.72 12.89 28.63
1901,91, 
1902,910, 
1903,911, 
1904,912, 
1905,913, 
1906,914, 
1907,915, 
1908,916, 
1909,917, 
1910,918, 
1911,919, 
1912,92, 
1913,920, 
1914,921, 
1915,922,0.405230 840.97 16.01 83.30 53.68
1916,923, 
1917,924,0.429599 229.90 487.64 29.18 43.08
1918,925, 
1919,926,0.412963 483.92 642.63 12.62 30.17
1920,927, 
1921,928, 
1922,929, 
1923,93, 
1924,930, 
1925,931, 
1926,932, 
1927,933, 
1928,934,0.374983 987.63 476.47 31.51 14.43
1929,935, 
1930,936, 
1931,937, 
1932,938, 
1933,939, 
1934,94,0.278514 754.11 284.26 83.67 9.29
1935,940,0.540531 955.47 230.30 40.20 8.87
1936,941, 
1937,942, 
1938,943, 
1939,944, 
1940,945, 
1941,946,0.456907 446.70 865.22 89.15 33.72 0.244967 248.72 923.24 13.53 24.11
1942,947, 
1943,948, 
1944,949,0.250494 44.04 609.03 35.49 38.02
1945,95,0.359670 731.81 17.80 16.11 25.27
1946,950, 
1947,951, 
1948,952, 
1949,953, 
1950,954,0.368334 86.51 839.38 49.41 16.37 0.301868 317.35 981.21 45.07 38.51
1951,955, 
1952,956, 
1953,957, 
1954,958, 
1955,959, 
1956,96,0.546440 119.75 467.66 42.56 55.13 0.336351 487.56 393.21 34.12 10.07
1957,960, 
1958,961, 
1959,962, 
1960,963, 
1961,964, 
1962,965, 
1963,966, 
1964,967, 
1965,968, 
1966,969, 
1967,97,0.248955 840.28 603.37 36.03 36.11
1968,970, 
1969,971, 
1970,972, 
1971,973,0.480896 828.63 819.91 55.41 36.97
1972,974,0.302314 750.27 281.44 33.57 10.00
1973,975,0.341977 2.64 597.21 38.36 32.25 0.312750 871.73 912.34 24.26 23.83
1974,976, 
1975,977,0.237402 265.85 533.85 28.10 48.94
1976,978, 
1977,979, 
1978,98, 
1979,980,0.408110 265.89 718.19 54.92 27.47
1980,981,0.434810 540.96 954.76 24.76 54.05
1981,982, 
1982,983, 
1983,984,0.311822 15.49 403.15 17.12 60.72
1984,985,0.258493 506.98 388.20 38.61 42.91
1985,986, 
1986,987, 
1987,988,0.341519 311.64 869.01 18.06 23.73 0.296335 25.74 430.19 21.43 50.08
1988,989, 
1989,99, 
1990,990,0.421543 285.55 932.89 33.80 79.62
1991,991, 
1992,992,0.286194 523.19 63.64 24.54 47.65
1993,993, 
1994,994,0.258449 914.78 810.66 18.13 25.37
1995,995, 
1996,996, 
1997,997, 
1998,998,0.396399 775.88 299.10 24.82 17.77
1999,999, 
